date,ref_id,pos_x,pos_y,pos_z,yaw
2026-07-31 09:39:38,10000,0,0,0,151
2026-07-31 09:39:38,10000,0,0,0,151
2026-07-31 09:39:38,10000,0,0,0,151
2026-07-31 09:39:38,10000,0,0,0,151
2026-07-31 09:39:38,10000,0,0,0,151
2026-07-31 09:39:38,10000,0,0,0,152
2026-07-31 09:39:38,10000,0,0,0,152
2026-07-31 09:39:38,10000,0,0,0,152
2026-07-31 09:39:38,10000,0,0,0,152
2026-07-31 09:39:39,10000,0,0,0,152
2026-07-31 09:39:39,10000,0,0,0,152
2026-07-31 09:39:39,10000,0,0,0,152
2026-07-31 09:39:39,10000,0,0,0,152
2026-07-31 09:39:39,10000,0,0,0,152
2026-07-31 09:39:39,10000,0,0,0,152
2026-07-31 09:39:39,10000,0,0,0,152
2026-07-31 09:39:39,10000,0,0,0,152
2026-07-31 09:39:39,10000,0,0,0,153
2026-07-31 09:39:39,10000,0,0,0,153
2026-07-31 09:39:40,10000,0,0,0,153
2026-07-31 09:39:40,10000,0,0,0,153
2026-07-31 09:39:40,10000,0,0,0,153
2026-07-31 09:39:40,10000,0,0,0,153
2026-07-31 09:39:40,10000,0,0,0,153
2026-07-31 09:39:40,10000,0,0,0,153
2026-07-31 09:39:40,10000,0,0,0,153
2026-07-31 09:39:40,10000,0,0,0,154
2026-07-31 09:39:40,10000,0,0,0,154
2026-07-31 09:39:40,10000,0,0,0,154
2026-07-31 09:39:41,10000,0,0,0,154
2026-07-31 09:39:41,10000,0,0,0,154
2026-07-31 09:39:41,10000,0,0,0,154
2026-07-31 09:39:41,10000,0,0,0,154
2026-07-31 09:39:41,10000,0,0,0,154
2026-07-31 09:39:41,10000,0,0,0,154
2026-07-31 09:39:41,10000,0,0,0,154
2026-07-31 09:39:41,10000,0,0,0,154
2026-07-31 09:39:41,10000,0,0,0,154
2026-07-31 09:39:41,10000,0,0,0,155
2026-07-31 09:39:42,10000,0,0,0,155
2026-07-31 09:39:42,10000,0,0,0,155
2026-07-31 09:39:42,10000,0,0,0,155
2026-07-31 09:39:42,10000,0,0,0,155
2026-07-31 09:39:42,10000,0,0,0,155
2026-07-31 09:39:42,10000,0,0,0,155
2026-07-31 09:39:42,10000,0,0,0,155
2026-07-31 09:39:42,10000,0,0,0,155
2026-07-31 09:39:42,10000,0,0,0,155
2026-07-31 09:39:42,10000,0,0,0,156
2026-07-31 09:39:43,10000,0,0,0,156
2026-07-31 09:39:43,10000,0,0,0,156
2026-07-31 09:39:43,10000,0,0,0,156
2026-07-31 09:39:43,10000,0,0,0,156
2026-07-31 09:39:43,10000,0,0,0,156
2026-07-31 09:39:43,10000,0,0,0,156
2026-07-31 09:39:43,10000,0,0,0,156
2026-07-31 09:39:43,10000,0,0,0,156
2026-07-31 09:39:43,10000,0,0,0,156
2026-07-31 09:39:43,10000,0,0,0,157
2026-07-31 09:39:44,10000,0,0,0,157
2026-07-31 09:39:44,10000,0,0,0,157
2026-07-31 09:39:44,10000,0,0,0,157
2026-07-31 09:39:44,10000,0,0,0,157
2026-07-31 09:39:44,10000,0,0,0,157
2026-07-31 09:39:44,10000,0,0,0,157
2026-07-31 09:39:44,10000,0,0,0,157
2026-07-31 09:39:44,10000,0,0,0,157
2026-07-31 09:39:44,10000,0,0,0,158
2026-07-31 09:39:44,10000,0,0,0,158
2026-07-31 09:39:45,10000,0,0,0,158
2026-07-31 09:39:45,10000,0,0,0,158
2026-07-31 09:39:45,10000,0,0,0,158
2026-07-31 09:39:45,10000,0,0,0,158
2026-07-31 09:39:45,10000,0,0,0,158
2026-07-31 09:39:45,10000,0,0,0,158
2026-07-31 09:39:45,10000,0,0,0,158
2026-07-31 09:39:45,10000,0,0,0,158
2026-07-31 09:39:45,10000,0,0,0,159
2026-07-31 09:39:45,10000,0,0,0,159
2026-07-31 09:39:46,10000,0,0,0,159
2026-07-31 09:39:46,10000,0,0,0,159
2026-07-31 09:39:46,10000,0,0,0,159
2026-07-31 09:39:46,10000,0,0,0,159
2026-07-31 09:39:46,10000,0,0,0,159
2026-07-31 09:39:46,10000,0,0,0,159
2026-07-31 09:39:46,10000,0,0,0,159
2026-07-31 09:39:46,10000,0,0,0,160
2026-07-31 09:39:46,10000,0,0,0,160
2026-07-31 09:39:46,10000,0,0,0,160
2026-07-31 09:39:47,10000,0,0,0,160
2026-07-31 09:39:47,10000,0,0,0,160
2026-07-31 09:39:47,10000,0,0,0,160
2026-07-31 09:39:47,10000,0,0,0,160
2026-07-31 09:39:47,10000,0,0,0,160
2026-07-31 09:39:47,10000,0,0,0,161
2026-07-31 09:39:47,10000,0,0,0,160
2026-07-31 09:39:47,10000,0,0,0,161
2026-07-31 09:39:47,10000,0,0,0,161
2026-07-31 09:39:47,10000,0,0,0,161
2026-07-31 09:39:48,10000,0,0,0,161
2026-07-31 09:39:48,10000,0,0,0,161
2026-07-31 09:39:48,10000,0,0,0,161
2026-07-31 09:39:48,10000,0,0,0,161
2026-07-31 09:39:48,10000,0,0,0,161
2026-07-31 09:39:48,10000,0,0,0,161
2026-07-31 09:39:48,10000,0,0,0,161
2026-07-31 09:39:48,10000,0,0,0,162
2026-07-31 09:39:48,10000,0,0,0,162
2026-07-31 09:39:48,10000,0,0,0,162
2026-07-31 09:39:49,10000,0,0,0,162
2026-07-31 09:39:49,10000,0,0,0,162
2026-07-31 09:39:49,10000,0,0,0,162
2026-07-31 09:39:49,10000,0,0,0,162
2026-07-31 09:39:49,10000,0,0,0,162
2026-07-31 09:39:49,10000,0,0,0,162
2026-07-31 09:39:49,10000,0,0,0,163
2026-07-31 09:39:49,10000,0,0,0,163
2026-07-31 09:39:49,10000,0,0,0,163
2026-07-31 09:39:49,10000,0,0,0,163
2026-07-31 09:39:50,10000,0,0,0,163
2026-07-31 09:39:50,10000,0,0,0,163
2026-07-31 09:39:50,10000,0,0,0,163
2026-07-31 09:39:50,10000,0,0,0,163
2026-07-31 09:39:50,10000,0,0,0,163
2026-07-31 09:39:50,10000,0,0,0,163
2026-07-31 09:39:50,10000,0,0,0,164
2026-07-31 09:39:50,10000,0,0,0,162
2026-07-31 09:39:50,10000,0,0,0,162
2026-07-31 09:39:50,10000,0,0,0,162
2026-07-31 09:39:51,10000,0,0,0,162
2026-07-31 09:39:51,10000,0,0,0,162
2026-07-31 09:39:51,10000,0,0,0,163
2026-07-31 09:39:51,10000,0,0,0,163
2026-07-31 09:39:51,10000,0,0,0,163
2026-07-31 09:39:51,10000,0,0,0,163
2026-07-31 09:39:51,10000,0,0,0,163
2026-07-31 09:39:51,10000,0,0,0,163
2026-07-31 09:39:51,10000,0,0,0,163
2026-07-31 09:39:51,10000,0,0,0,163
2026-07-31 09:39:52,10000,0,0,0,163
2026-07-31 09:39:52,10000,0,0,0,163
2026-07-31 09:39:52,10000,0,0,0,163
2026-07-31 09:39:52,10000,0,0,0,163
2026-07-31 09:39:52,10000,0,0,0,163
2026-07-31 09:39:52,10000,0,0,0,163
2026-07-31 09:39:52,10000,0,0,0,163
2026-07-31 09:39:52,10000,0,0,0,164
2026-07-31 09:39:52,10000,0,0,0,164
2026-07-31 09:39:52,10000,0,0,0,164
2026-07-31 09:39:53,10000,0,0,0,164
2026-07-31 09:39:53,10000,0,0,0,164
2026-07-31 09:39:53,10000,0,0,0,164
2026-07-31 09:39:53,10000,0,0,0,164
2026-07-31 09:39:53,10000,0,0,0,164
2026-07-31 09:39:53,10000,0,0,0,165
2026-07-31 09:39:53,10000,0,0,0,165
2026-07-31 09:39:53,10000,0,0,0,165
2026-07-31 09:39:53,10000,0,0,0,165
2026-07-31 09:39:53,10000,0,0,0,165
2026-07-31 09:39:54,10000,0,0,0,165
2026-07-31 09:39:54,10000,0,0,0,165
2026-07-31 09:39:54,10000,0,0,0,165
2026-07-31 09:39:54,10000,0,0,0,165
2026-07-31 09:39:54,10000,0,0,0,165
2026-07-31 09:39:54,10000,0,0,0,165
2026-07-31 09:39:54,10000,0,0,0,166
2026-07-31 09:39:54,10000,0,0,0,166
2026-07-31 09:39:54,10000,0,0,0,166
2026-07-31 09:39:54,10000,0,0,0,166
2026-07-31 09:39:55,10000,0,0,0,166
2026-07-31 09:39:55,10000,0,0,0,166
2026-07-31 09:39:55,10000,0,0,0,166
2026-07-31 09:39:55,10000,0,0,0,166
2026-07-31 09:39:55,10000,0,0,0,167
2026-07-31 09:39:55,10000,0,0,0,167
2026-07-31 09:39:55,10000,0,0,0,167
2026-07-31 09:39:55,10000,0,0,0,167
2026-07-31 09:39:55,10000,0,0,0,167
2026-07-31 09:39:55,10000,0,0,0,167
2026-07-31 09:39:56,10000,0,0,0,167
2026-07-31 09:39:56,10000,0,0,0,167
2026-07-31 09:39:56,10000,0,0,0,167
2026-07-31 09:39:56,10000,0,0,0,167
2026-07-31 09:39:56,10000,0,0,0,168
2026-07-31 09:39:56,10000,0,0,0,168
2026-07-31 09:39:56,10000,0,0,0,168
2026-07-31 09:39:56,10000,0,0,0,168
2026-07-31 09:39:56,10000,0,0,0,168
2026-07-31 09:39:56,10000,0,0,0,168
2026-07-31 09:39:57,10000,0,0,0,168
2026-07-31 09:39:57,10000,0,0,0,168
2026-07-31 09:39:57,10000,0,0,0,168
2026-07-31 09:39:57,10000,0,0,0,168
2026-07-31 09:39:57,10000,0,0,0,168
2026-07-31 09:39:57,10000,0,0,0,168
2026-07-31 09:39:57,10000,0,0,0,169
2026-07-31 09:39:57,10000,0,0,0,169
2026-07-31 09:39:57,10000,0,0,0,169
2026-07-31 09:39:57,10000,0,0,0,169
2026-07-31 09:39:58,10000,0,0,0,169
2026-07-31 09:39:58,10000,0,0,0,169
2026-07-31 09:39:58,10000,0,0,0,169
2026-07-31 09:39:58,10000,0,0,0,169
2026-07-31 09:39:58,10000,0,0,0,169
2026-07-31 09:39:58,10000,0,0,0,169
2026-07-31 09:39:58,10000,0,0,0,170
2026-07-31 09:39:58,10000,0,0,0,170
2026-07-31 09:39:58,10000,0,0,0,170
2026-07-31 09:39:58,10000,0,0,0,170
2026-07-31 09:39:59,10000,0,0,0,170
2026-07-31 09:39:59,10000,0,0,0,170
2026-07-31 09:39:59,10000,0,0,0,170
2026-07-31 09:39:59,10000,0,0,0,170
2026-07-31 09:39:59,10000,0,0,0,171
2026-07-31 09:39:59,10000,0,0,0,171
2026-07-31 09:39:59,10000,0,0,0,171
2026-07-31 09:39:59,10000,0,0,0,171
2026-07-31 09:39:59,10000,0,0,0,171
2026-07-31 09:39:59,10000,0,0,0,171
2026-07-31 09:40:00,10000,0,0,0,171
2026-07-31 09:40:00,10000,0,0,0,171
2026-07-31 09:40:00,10000,0,0,0,172
2026-07-31 09:40:00,10000,0,0,0,172
2026-07-31 09:40:00,10000,0,0,0,172
2026-07-31 09:40:00,10000,0,0,0,172
2026-07-31 09:40:00,10000,0,0,0,172
2026-07-31 09:40:00,10000,0,0,0,172
2026-07-31 09:40:00,10000,0,0,0,172
2026-07-31 09:40:00,10000,0,0,0,173
2026-07-31 09:40:01,10000,0,0,0,173
2026-07-31 09:40:01,10000,0,0,0,173
2026-07-31 09:40:01,10000,0,0,0,173
2026-07-31 09:40:01,10000,0,0,0,173
2026-07-31 09:40:01,10000,0,0,0,173
2026-07-31 09:40:01,10000,0,0,0,173
2026-07-31 09:40:01,10000,0,0,0,173
2026-07-31 09:40:01,10000,0,0,0,173
2026-07-31 09:40:01,10000,0,0,0,173
2026-07-31 09:40:01,10000,0,0,0,173
2026-07-31 09:40:02,10000,0,0,0,174
2026-07-31 09:40:02,10000,0,0,0,174
2026-07-31 09:40:02,10000,0,0,0,174
2026-07-31 09:40:02,10000,0,0,0,174
2026-07-31 09:40:02,10000,0,0,0,174
2026-07-31 09:40:02,10000,0,0,0,174
2026-07-31 09:40:02,10000,0,0,0,174
2026-07-31 09:40:02,10000,0,0,0,174
2026-07-31 09:40:02,10000,0,0,0,174
2026-07-31 09:40:02,10000,0,0,0,174
2026-07-31 09:40:03,10000,0,0,0,175
2026-07-31 09:40:03,10000,0,0,0,175
2026-07-31 09:40:03,10000,0,0,0,175
2026-07-31 09:40:03,10000,0,0,0,175
2026-07-31 09:40:03,10000,0,0,0,175
2026-07-31 09:40:03,10000,0,0,0,175
2026-07-31 09:40:03,10000,0,0,0,175
2026-07-31 09:40:03,10000,0,0,0,175
2026-07-31 09:40:03,10000,0,0,0,175
2026-07-31 09:40:03,10000,0,0,0,175
2026-07-31 09:40:04,10000,0,0,0,175
2026-07-31 09:40:04,10000,0,0,0,175
2026-07-31 09:40:04,10000,0,0,0,175
2026-07-31 09:40:04,10000,0,0,0,175
2026-07-31 09:40:04,10000,0,0,0,176
2026-07-31 09:40:04,10000,0,0,0,176
2026-07-31 09:40:04,10000,0,0,0,176
2026-07-31 09:40:04,10000,0,0,0,176
2026-07-31 09:40:04,10000,0,0,0,176
2026-07-31 09:40:04,10000,0,0,0,176
2026-07-31 09:40:05,10000,0,0,0,176
2026-07-31 09:40:05,10000,0,0,0,176
2026-07-31 09:40:05,10000,0,0,0,176
2026-07-31 09:40:05,10000,0,0,0,176
2026-07-31 09:40:05,10000,0,0,0,176
2026-07-31 09:40:05,10000,0,0,0,176
2026-07-31 09:40:05,10000,0,0,0,176
2026-07-31 09:40:05,10000,0,0,0,177
2026-07-31 09:40:05,10000,0,0,0,177
2026-07-31 09:40:05,10000,0,0,0,177
2026-07-31 09:40:06,10000,0,0,0,177
2026-07-31 09:40:06,10000,0,0,0,177
2026-07-31 09:40:06,10000,0,0,0,177
2026-07-31 09:40:06,10000,0,0,0,177
2026-07-31 09:40:06,10000,0,0,0,177
2026-07-31 09:40:06,10000,0,0,0,177
2026-07-31 09:40:06,10000,0,0,0,177
2026-07-31 09:40:06,10000,0,0,0,177
2026-07-31 09:40:06,10000,0,0,0,178
2026-07-31 09:40:06,10000,0,0,0,178
2026-07-31 09:40:07,10000,0,0,0,178
2026-07-31 09:40:07,10000,0,0,0,178
2026-07-31 09:40:07,10000,0,0,0,178
2026-07-31 09:40:07,10000,0,0,0,178
2026-07-31 09:40:07,10000,0,0,0,178
2026-07-31 09:40:07,10000,0,0,0,178
2026-07-31 09:40:07,10000,0,0,0,178
2026-07-31 09:40:07,10000,0,0,0,178
2026-07-31 09:40:07,10000,0,0,0,178
2026-07-31 09:40:07,10000,0,0,0,179
2026-07-31 09:40:08,10000,0,0,0,179
2026-07-31 09:40:08,10000,0,0,0,179
2026-07-31 09:40:08,10000,0,0,0,179
2026-07-31 09:40:08,10000,0,0,0,179
2026-07-31 09:40:08,10000,0,0,0,179
2026-07-31 09:40:08,10000,0,0,0,179
2026-07-31 09:40:08,10000,0,0,0,179
2026-07-31 09:40:08,10000,0,0,0,179
2026-07-31 09:40:08,10000,0,0,0,179
2026-07-31 09:40:08,10000,0,0,0,180
2026-07-31 09:40:09,10000,0,0,0,180
2026-07-31 09:40:09,10000,0,0,0,180
2026-07-31 09:40:09,10000,0,0,0,180
2026-07-31 09:40:09,10000,0,0,0,180
2026-07-31 09:40:09,10000,0,0,0,180
2026-07-31 09:40:09,10000,0,0,0,180
2026-07-31 09:40:09,10000,0,0,0,180
2026-07-31 09:40:09,10000,0,0,0,180
2026-07-31 09:40:09,10000,0,0,0,181
2026-07-31 09:40:09,10000,0,0,0,181
2026-07-31 09:40:10,10000,0,0,0,181
2026-07-31 09:40:10,10000,0,0,0,181
2026-07-31 09:40:10,10000,0,0,0,181
2026-07-31 09:40:10,10000,0,0,0,181
2026-07-31 09:40:10,10000,0,0,0,181
2026-07-31 09:40:10,10000,0,0,0,181
2026-07-31 09:40:10,10000,0,0,0,181
2026-07-31 09:40:10,10000,0,0,0,181
2026-07-31 09:40:10,10000,0,0,0,181
2026-07-31 09:40:11,10000,0,0,0,181
2026-07-31 09:40:11,10000,0,0,0,181
2026-07-31 09:40:11,10000,0,0,0,182
2026-07-31 09:40:11,10000,0,0,0,182
2026-07-31 09:40:11,10000,0,0,0,182
2026-07-31 09:40:11,10000,0,0,0,182
2026-07-31 09:40:11,10000,0,0,0,182
2026-07-31 09:40:11,10000,0,0,0,182
2026-07-31 09:40:11,10000,0,0,0,182
2026-07-31 09:40:11,10000,0,0,0,182
2026-07-31 09:40:12,10000,0,0,0,182
2026-07-31 09:40:12,10000,0,0,0,183
2026-07-31 09:40:12,10000,0,0,0,183
2026-07-31 09:40:12,10000,0,0,0,183
2026-07-31 09:40:12,10000,0,0,0,183
2026-07-31 09:40:12,10000,0,0,0,183
2026-07-31 09:40:12,10000,0,0,0,183
2026-07-31 09:40:12,10000,0,0,0,183
2026-07-31 09:40:12,10000,0,0,0,183
2026-07-31 09:40:12,10000,0,0,0,183
2026-07-31 09:40:13,10000,0,0,0,183
2026-07-31 09:40:13,10000,0,0,0,183
2026-07-31 09:40:13,10000,0,0,0,183
2026-07-31 09:40:13,10000,0,0,0,184
2026-07-31 09:40:13,10000,0,0,0,184
2026-07-31 09:40:13,10000,0,0,0,184
2026-07-31 09:40:13,10000,0,0,0,184
2026-07-31 09:40:13,10000,0,0,0,184
2026-07-31 09:40:13,10000,0,0,0,184
2026-07-31 09:40:13,10000,0,0,0,184
2026-07-31 09:40:14,10000,0,0,0,184
2026-07-31 09:40:14,10000,0,0,0,184
2026-07-31 09:40:14,10000,0,0,0,184
2026-07-31 09:40:14,10000,0,0,0,184
2026-07-31 09:40:14,10000,0,0,0,185
2026-07-31 09:40:14,10000,0,0,0,185
2026-07-31 09:40:14,10000,0,0,0,185
2026-07-31 09:40:14,10000,0,0,0,185
2026-07-31 09:40:14,10000,0,0,0,185
2026-07-31 09:40:14,10000,0,0,0,185
2026-07-31 09:40:15,10000,0,0,0,185
2026-07-31 09:40:15,10000,0,0,0,185
2026-07-31 09:40:15,10000,0,0,0,185
2026-07-31 09:40:15,10000,0,0,0,186
2026-07-31 09:40:15,10000,0,0,0,186
2026-07-31 09:40:15,10000,0,0,0,186
2026-07-31 09:40:15,10000,0,0,0,186
2026-07-31 09:40:15,10000,0,0,0,186
2026-07-31 09:40:15,10000,0,0,0,186
2026-07-31 09:40:15,10000,0,0,0,186
2026-07-31 09:40:16,10000,0,0,0,186
2026-07-31 09:40:16,10000,0,0,0,186
2026-07-31 09:40:16,10000,0,0,0,186
2026-07-31 09:40:16,10000,0,0,0,186
2026-07-31 09:40:16,10000,0,0,0,186
2026-07-31 09:40:16,10000,0,0,0,186
2026-07-31 09:40:16,10000,0,0,0,186
2026-07-31 09:40:16,10000,0,0,0,187
2026-07-31 09:40:16,10000,0,0,0,187
2026-07-31 09:40:16,10000,0,0,0,187
2026-07-31 09:40:17,10000,0,0,0,187
2026-07-31 09:40:17,10000,0,0,0,187
2026-07-31 09:40:17,10000,0,0,0,187
2026-07-31 09:40:17,10000,0,0,0,187
2026-07-31 09:40:17,10000,0,0,0,187
2026-07-31 09:40:17,10000,0,0,0,187
2026-07-31 09:40:17,10000,0,0,0,187
2026-07-31 09:40:17,10000,0,0,0,187
2026-07-31 09:40:17,10000,0,0,0,187
2026-07-31 09:40:17,10000,0,0,0,187
2026-07-31 09:40:18,10000,0,0,0,188
2026-07-31 09:40:18,10000,0,0,0,188
2026-07-31 09:40:18,10000,0,0,0,188
2026-07-31 09:40:18,10000,0,0,0,188
2026-07-31 09:40:18,10000,0,0,0,188
2026-07-31 09:40:18,10000,0,0,0,188
2026-07-31 09:40:18,10000,0,0,0,188
2026-07-31 09:40:18,10000,0,0,0,188
2026-07-31 09:40:18,10000,0,0,0,188
2026-07-31 09:40:18,10000,0,0,0,188
2026-07-31 09:40:19,10000,0,0,0,188
2026-07-31 09:40:19,10000,0,0,0,188
2026-07-31 09:40:19,10000,0,0,0,189
2026-07-31 09:40:19,10000,0,0,0,189
2026-07-31 09:40:19,10000,0,0,0,189
2026-07-31 09:40:19,10000,0,0,0,189
2026-07-31 09:40:19,10000,0,0,0,189
2026-07-31 09:40:19,10000,0,0,0,189
2026-07-31 09:40:19,10000,0,0,0,189
2026-07-31 09:40:19,10000,0,0,0,189
2026-07-31 09:40:20,10000,0,0,0,189
2026-07-31 09:40:20,10000,0,0,0,189
2026-07-31 09:40:20,10000,0,0,0,189
2026-07-31 09:40:20,10000,0,0,0,190
2026-07-31 09:40:20,10000,0,0,0,190
2026-07-31 09:40:20,10000,0,0,0,190
2026-07-31 09:40:20,10000,0,0,0,190
2026-07-31 09:40:20,10000,0,0,0,190
2026-07-31 09:40:20,10000,0,0,0,190
2026-07-31 09:40:20,10000,0,0,0,190
2026-07-31 09:40:21,10000,0,0,0,190
2026-07-31 09:40:21,10000,0,0,0,190
2026-07-31 09:40:21,10000,0,0,0,191
2026-07-31 09:40:21,10000,0,0,0,191
2026-07-31 09:40:21,10000,0,0,0,191
2026-07-31 09:40:21,10000,0,0,0,191
2026-07-31 09:40:21,10000,0,0,0,191
2026-07-31 09:40:21,10000,0,0,0,191
2026-07-31 09:40:21,10000,0,0,0,191
2026-07-31 09:40:21,10000,0,0,0,191
2026-07-31 09:40:22,10000,0,0,0,191
2026-07-31 09:40:22,10000,0,0,0,191
2026-07-31 09:40:22,10000,0,0,0,191
2026-07-31 09:40:22,10000,0,0,0,191
2026-07-31 09:40:22,10000,0,0,0,192
2026-07-31 09:40:22,10000,0,0,0,192
2026-07-31 09:40:22,10000,0,0,0,192
2026-07-31 09:40:22,10000,0,0,0,192
2026-07-31 09:40:22,10000,0,0,0,192
2026-07-31 09:40:22,10000,0,0,0,192
2026-07-31 09:40:23,10000,0,0,0,192
2026-07-31 09:40:23,10000,0,0,0,192
2026-07-31 09:40:23,10000,0,0,0,193
2026-07-31 09:40:23,10000,0,0,0,193
2026-07-31 09:40:23,10000,0,0,0,193
2026-07-31 09:40:23,10000,0,0,0,193
2026-07-31 09:40:23,10000,0,0,0,193
2026-07-31 09:40:23,10000,0,0,0,193
2026-07-31 09:40:23,10000,0,0,0,193
2026-07-31 09:40:23,10000,0,0,0,193
2026-07-31 09:40:24,10000,0,0,0,193
2026-07-31 09:40:24,10000,0,0,0,194
2026-07-31 09:40:24,10000,0,0,0,194
2026-07-31 09:40:24,10000,0,0,0,194
2026-07-31 09:40:24,10000,0,0,0,194
2026-07-31 09:40:24,10000,0,0,0,194
2026-07-31 09:40:24,10000,0,0,0,194
2026-07-31 09:40:24,10000,0,0,0,194
2026-07-31 09:40:24,10000,0,0,0,194
2026-07-31 09:40:24,10000,0,0,0,194
2026-07-31 09:40:25,10000,0,0,0,194
2026-07-31 09:40:25,10000,0,0,0,195
2026-07-31 09:40:25,10000,0,0,0,195
2026-07-31 09:40:25,10000,0,0,0,195
2026-07-31 09:40:25,10000,0,0,0,195
2026-07-31 09:40:25,10000,0,0,0,195
2026-07-31 09:40:25,10000,0,0,0,195
2026-07-31 09:40:25,10000,0,0,0,195
2026-07-31 09:40:25,10000,0,0,0,195
2026-07-31 09:40:25,10000,0,0,0,195
2026-07-31 09:40:26,10000,0,0,0,195
2026-07-31 09:40:26,10000,0,0,0,196
2026-07-31 09:40:26,10000,0,0,0,196
2026-07-31 09:40:26,10000,0,0,0,196
2026-07-31 09:40:26,10000,0,0,0,196
2026-07-31 09:40:26,10000,0,0,0,196
2026-07-31 09:40:26,10000,0,0,0,196
2026-07-31 09:40:26,10000,0,0,0,196
2026-07-31 09:40:26,10000,0,0,0,196
2026-07-31 09:40:26,10000,0,0,0,196
2026-07-31 09:40:27,10000,0,0,0,196
2026-07-31 09:40:27,10000,0,0,0,197
2026-07-31 09:40:27,10000,0,0,0,197
2026-07-31 09:40:27,10000,0,0,0,197
2026-07-31 09:40:27,10000,0,0,0,197
2026-07-31 09:40:27,10000,0,0,0,197
2026-07-31 09:40:27,10000,0,0,0,197
2026-07-31 09:40:27,10000,0,0,0,197
2026-07-31 09:40:27,10000,0,0,0,197
2026-07-31 09:40:27,10000,0,0,0,197
2026-07-31 09:40:28,10000,0,0,0,197
2026-07-31 09:40:28,10000,0,0,0,197
2026-07-31 09:40:28,10000,0,0,0,198
2026-07-31 09:40:28,10000,0,0,0,198
2026-07-31 09:40:28,10000,0,0,0,198
2026-07-31 09:40:28,10000,0,0,0,198
2026-07-31 09:40:28,10000,0,0,0,198
2026-07-31 09:40:28,10000,0,0,0,198
2026-07-31 09:40:28,10000,0,0,0,198
2026-07-31 09:40:28,10000,0,0,0,198
2026-07-31 09:40:29,10000,0,0,0,199
2026-07-31 09:40:29,10000,0,0,0,199
2026-07-31 09:40:29,10000,0,0,0,199
2026-07-31 09:40:29,10000,0,0,0,199
2026-07-31 09:40:29,10000,0,0,0,199
2026-07-31 09:40:29,10000,0,0,0,199
2026-07-31 09:40:29,10000,0,0,0,199
2026-07-31 09:40:29,10000,0,0,0,199
2026-07-31 09:40:29,10000,0,0,0,199
2026-07-31 09:40:29,10000,0,0,0,199
2026-07-31 09:40:30,10000,0,0,0,200
2026-07-31 09:40:30,10000,0,0,0,200
2026-07-31 09:40:30,10000,0,0,0,200
2026-07-31 09:40:30,10000,0,0,0,200
2026-07-31 09:40:30,10000,0,0,0,200
2026-07-31 09:40:30,10000,0,0,0,200
2026-07-31 09:40:30,10000,0,0,0,200
2026-07-31 09:40:30,10000,0,0,0,200
2026-07-31 09:40:30,10000,0,0,0,200
2026-07-31 09:40:30,10000,0,0,0,200
2026-07-31 09:40:31,10000,0,0,0,200
2026-07-31 09:40:31,10000,0,0,0,200
2026-07-31 09:40:31,10000,0,0,0,201
2026-07-31 09:40:31,10000,0,0,0,201
2026-07-31 09:40:31,10000,0,0,0,201
2026-07-31 09:40:31,10000,0,0,0,201
2026-07-31 09:40:31,10000,0,0,0,201
2026-07-31 09:40:31,10000,0,0,0,201
2026-07-31 09:40:31,10000,0,0,0,201
2026-07-31 09:40:31,10000,0,0,0,201
2026-07-31 09:40:32,10000,0,0,0,201
2026-07-31 09:40:32,10000,0,0,0,201
2026-07-31 09:40:32,10000,0,0,0,201
2026-07-31 09:40:32,10000,0,0,0,202
2026-07-31 09:40:32,10000,0,0,0,202
2026-07-31 09:40:32,10000,0,0,0,202
2026-07-31 09:40:32,10000,0,0,0,202
2026-07-31 09:40:32,10000,0,0,0,202
2026-07-31 09:40:32,10000,0,0,0,202
2026-07-31 09:40:32,10000,0,0,0,202
2026-07-31 09:40:33,10000,0,0,0,202
2026-07-31 09:40:33,10000,0,0,0,202
2026-07-31 09:40:33,10000,0,0,0,202
2026-07-31 09:40:33,10000,0,0,0,203
2026-07-31 09:40:33,10000,0,0,0,202
2026-07-31 09:40:33,10000,0,0,0,203
2026-07-31 09:40:33,10000,0,0,0,203
2026-07-31 09:40:33,10000,0,0,0,203
2026-07-31 09:40:33,10000,0,0,0,203
2026-07-31 09:40:33,10000,0,0,0,203
2026-07-31 09:40:34,10000,0,0,0,203
2026-07-31 09:40:34,10000,0,0,0,203
2026-07-31 09:40:34,10000,0,0,0,203
2026-07-31 09:40:34,10000,0,0,0,203
2026-07-31 09:40:34,10000,0,0,0,204
2026-07-31 09:40:34,10000,0,0,0,204
2026-07-31 09:40:34,10000,0,0,0,204
2026-07-31 09:40:34,10000,0,0,0,204
2026-07-31 09:40:34,10000,0,0,0,204
2026-07-31 09:40:34,10000,0,0,0,204
2026-07-31 09:40:35,10000,0,0,0,204
2026-07-31 09:40:35,10000,0,0,0,204
2026-07-31 09:40:35,10000,0,0,0,204
2026-07-31 09:40:35,10000,0,0,0,204
2026-07-31 09:40:35,10000,0,0,0,204
2026-07-31 09:40:35,10000,0,0,0,204
2026-07-31 09:40:35,10000,0,0,0,205
2026-07-31 09:40:35,10000,0,0,0,205
2026-07-31 09:40:35,10000,0,0,0,205
2026-07-31 09:40:35,10000,0,0,0,205
2026-07-31 09:40:36,10000,0,0,0,205
2026-07-31 09:40:36,10000,0,0,0,205
2026-07-31 09:40:36,10000,0,0,0,205
2026-07-31 09:40:36,10000,0,0,0,205
2026-07-31 09:40:36,10000,0,0,0,205
2026-07-31 09:40:36,10000,0,0,0,205
2026-07-31 09:40:36,10000,0,0,0,206
2026-07-31 09:40:36,10000,0,0,0,206
2026-07-31 09:40:36,10000,0,0,0,206
2026-07-31 09:40:36,10000,0,0,0,206
2026-07-31 09:40:37,10000,0,0,0,206
2026-07-31 09:40:37,10000,0,0,0,206
2026-07-31 09:40:37,10000,0,0,0,206
2026-07-31 09:40:37,10000,0,0,0,207
2026-07-31 09:40:37,10000,0,0,0,207
2026-07-31 09:40:37,10000,0,0,0,207
2026-07-31 09:40:37,10000,0,0,0,207
2026-07-31 09:40:37,10000,0,0,0,207
2026-07-31 09:40:37,10000,0,0,0,207
2026-07-31 09:40:38,10000,0,0,0,207
2026-07-31 09:40:38,10000,0,0,0,207
2026-07-31 09:40:38,10000,0,0,0,207
2026-07-31 09:40:38,10000,0,0,0,207
2026-07-31 09:40:38,10000,0,0,0,207
2026-07-31 09:40:38,10000,0,0,0,208
2026-07-31 09:40:38,10000,0,0,0,208
2026-07-31 09:40:38,10000,0,0,0,208
2026-07-31 09:40:38,10000,0,0,0,208
2026-07-31 09:40:38,10000,0,0,0,208
2026-07-31 09:40:39,10000,0,0,0,208
2026-07-31 09:40:39,10000,0,0,0,208
2026-07-31 09:40:39,10000,0,0,0,208
2026-07-31 09:40:39,10000,0,0,0,209
2026-07-31 09:40:39,10000,0,0,0,209
2026-07-31 09:40:39,10000,0,0,0,209
2026-07-31 09:40:39,10000,0,0,0,209
2026-07-31 09:40:39,10000,0,0,0,209
2026-07-31 09:40:39,10000,0,0,0,209
2026-07-31 09:40:39,10000,0,0,0,209
2026-07-31 09:40:40,10000,0,0,0,209
2026-07-31 09:40:40,10000,0,0,0,209
2026-07-31 09:40:40,10000,0,0,0,209
2026-07-31 09:40:40,10000,0,0,0,209
2026-07-31 09:40:40,10000,0,0,0,209
2026-07-31 09:40:40,10000,0,0,0,210
2026-07-31 09:40:40,10000,0,0,0,210
2026-07-31 09:40:40,10000,0,0,0,210
2026-07-31 09:40:40,10000,0,0,0,210
2026-07-31 09:40:40,10000,0,0,0,210
2026-07-31 09:40:41,10000,0,0,0,210
2026-07-31 09:40:41,10000,0,0,0,210
2026-07-31 09:40:41,10000,0,0,0,210
2026-07-31 09:40:41,10000,0,0,0,210
2026-07-31 09:40:41,10000,0,0,0,210
2026-07-31 09:40:41,10000,0,0,0,211
2026-07-31 09:40:41,10000,0,0,0,211
2026-07-31 09:40:41,10000,0,0,0,211
2026-07-31 09:40:41,10000,0,0,0,211
2026-07-31 09:40:41,10000,0,0,0,211
2026-07-31 09:40:42,10000,0,0,0,211
2026-07-31 09:40:42,10000,0,0,0,211
2026-07-31 09:40:42,10000,0,0,0,211
2026-07-31 09:40:42,10000,0,0,0,211
2026-07-31 09:40:42,10000,0,0,0,211
2026-07-31 09:40:42,10000,0,0,0,211
2026-07-31 09:40:42,10000,0,0,0,211
2026-07-31 09:40:42,10000,0,0,0,211
2026-07-31 09:40:42,10000,0,0,0,211
2026-07-31 09:40:42,10000,0,0,0,211
2026-07-31 09:40:43,10000,0,0,0,212
2026-07-31 09:40:43,10000,0,0,0,212
2026-07-31 09:40:43,10000,0,0,0,212
2026-07-31 09:40:43,10000,0,0,0,212
2026-07-31 09:40:43,10000,0,0,0,212
2026-07-31 09:40:43,10000,0,0,0,212
2026-07-31 09:40:43,10000,0,0,0,212
2026-07-31 09:40:43,10000,0,0,0,212
2026-07-31 09:40:43,10000,0,0,0,212
2026-07-31 09:40:43,10000,0,0,0,212
2026-07-31 09:40:44,10000,0,0,0,212
2026-07-31 09:40:44,10000,0,0,0,213
2026-07-31 09:40:44,10000,0,0,0,213
2026-07-31 09:40:44,10000,0,0,0,213
2026-07-31 09:40:44,10000,0,0,0,213
2026-07-31 09:40:44,10000,0,0,0,213
2026-07-31 09:40:44,10000,0,0,0,213
2026-07-31 09:40:44,10000,0,0,0,213
2026-07-31 09:40:44,10000,0,0,0,213
2026-07-31 09:40:44,10000,0,0,0,213
2026-07-31 09:40:45,10000,0,0,0,214
2026-07-31 09:40:45,10000,0,0,0,214
2026-07-31 09:40:45,10000,0,0,0,214
2026-07-31 09:40:45,10000,0,0,0,214
2026-07-31 09:40:45,10000,0,0,0,214
2026-07-31 09:40:45,10000,0,0,0,214
2026-07-31 09:40:45,10000,0,0,0,214
2026-07-31 09:40:45,10000,0,0,0,214
2026-07-31 09:40:45,10000,0,0,0,214
2026-07-31 09:40:45,10000,0,0,0,214
2026-07-31 09:40:46,10000,0,0,0,214
2026-07-31 09:40:46,10000,0,0,0,214
2026-07-31 09:40:46,10000,0,0,0,215
2026-07-31 09:40:46,10000,0,0,0,215
2026-07-31 09:40:46,10000,0,0,0,215
2026-07-31 09:40:46,10000,0,0,0,215
2026-07-31 09:40:46,10000,0,0,0,215
2026-07-31 09:40:46,10000,0,0,0,215
2026-07-31 09:40:46,10000,0,0,0,215
2026-07-31 09:40:46,10000,0,0,0,215
2026-07-31 09:40:47,10000,0,0,0,215
2026-07-31 09:40:47,10000,0,0,0,215
2026-07-31 09:40:47,10000,0,0,0,216
2026-07-31 09:40:47,10000,0,0,0,216
2026-07-31 09:40:47,10000,0,0,0,216
2026-07-31 09:40:47,10000,0,0,0,216
2026-07-31 09:40:47,10000,0,0,0,216
2026-07-31 09:40:47,10000,0,0,0,216
2026-07-31 09:40:47,10000,0,0,0,216
2026-07-31 09:40:47,10000,0,0,0,216
2026-07-31 09:40:48,10000,0,0,0,216
2026-07-31 09:40:48,10000,0,0,0,216
2026-07-31 09:40:48,10000,0,0,0,217
2026-07-31 09:40:48,10000,0,0,0,217
2026-07-31 09:40:48,10000,0,0,0,217
2026-07-31 09:40:48,10000,0,0,0,217
2026-07-31 09:40:48,10000,0,0,0,217
2026-07-31 09:40:48,10000,0,0,0,217
2026-07-31 09:40:48,10000,0,0,0,217
2026-07-31 09:40:48,10000,0,0,0,217
2026-07-31 09:40:49,10000,0,0,0,217
2026-07-31 09:40:49,10000,0,0,0,217
2026-07-31 09:40:49,10000,0,0,0,217
2026-07-31 09:40:49,10000,0,0,0,217
2026-07-31 09:40:49,10000,-41,0,0,217
2026-07-31 09:40:49,10000,-83,0,1,217
2026-07-31 09:40:49,10000,-125,0,1,218
2026-07-31 09:40:49,10000,-167,1,2,218
2026-07-31 09:40:49,10000,-209,1,3,218
2026-07-31 09:40:49,10000,-251,1,3,218
2026-07-31 09:40:50,10000,-293,1,4,218
2026-07-31 09:40:50,10000,-380,2,5,218
2026-07-31 09:40:50,10000,-471,2,7,218
2026-07-31 09:40:50,10000,-564,3,8,218
2026-07-31 09:40:50,10000,-657,4,10,218
2026-07-31 09:40:50,10000,-751,4,11,218
2026-07-31 09:40:50,10000,-844,5,13,218
2026-07-31 09:40:50,10000,-995,6,15,218
2026-07-31 09:40:50,10000,-1148,7,17,219
2026-07-31 09:40:50,10000,-1301,8,20,219
2026-07-31 09:40:51,10000,-1452,9,22,219
2026-07-31 09:40:51,10000,-1606,10,25,219
2026-07-31 09:40:51,10000,-1756,11,27,219
2026-07-31 09:40:51,10000,-1908,12,29,219
2026-07-31 09:40:51,10000,-2054,13,32,219
2026-07-31 09:40:51,10000,-2201,13,34,219
2026-07-31 09:40:51,10000,-2341,14,36,220
2026-07-31 09:40:51,10000,-2483,15,38,220
2026-07-31 09:40:51,10000,-2626,16,41,220
2026-07-31 09:40:51,10000,-2767,17,43,220
2026-07-31 09:40:52,10000,-2880,18,45,220
2026-07-31 09:40:52,10000,-2992,19,46,220
2026-07-31 09:40:52,10000,-3101,19,48,220
2026-07-31 09:40:52,10000,-3211,20,50,220
2026-07-31 09:40:52,10000,-3321,21,52,220
2026-07-31 09:40:52,10000,-3432,21,53,220
2026-07-31 09:40:52,10000,-3518,22,55,220
2026-07-31 09:40:52,10000,-3603,22,56,221
2026-07-31 09:40:52,10000,-3691,23,57,221
2026-07-31 09:40:52,10000,-3777,24,59,221
2026-07-31 09:40:53,10000,-3864,24,60,221
2026-07-31 09:40:53,10000,-3951,25,61,221
2026-07-31 09:40:53,10000,-4039,25,63,221
2026-07-31 09:40:53,10000,-4098,26,64,221
2026-07-31 09:40:53,10000,-4157,26,65,221
2026-07-31 09:40:53,10000,-4216,26,66,221
2026-07-31 09:40:53,10000,-4275,27,67,221
2026-07-31 09:40:53,10000,-4334,27,67,221
2026-07-31 09:40:53,10000,-4356,27,68,221
2026-07-31 09:40:54,10000,-4378,27,68,221
2026-07-31 09:40:54,10000,-4400,27,68,222
2026-07-31 09:40:54,10000,-4415,28,69,222
2026-07-31 09:40:54,10000,-4431,28,69,222
2026-07-31 09:40:54,10000,-4446,28,69,222
2026-07-31 09:40:54,10000,-4461,28,69,222
2026-07-31 09:40:54,10000,-4476,28,70,222
2026-07-31 09:40:54,10000,-4476,28,70,222
2026-07-31 09:40:54,10000,-4476,28,70,222
2026-07-31 09:40:54,10000,-4476,28,70,222
2026-07-31 09:40:55,10000,-4476,28,70,222
2026-07-31 09:40:55,10000,-4476,28,70,222
2026-07-31 09:40:55,10000,-4476,28,70,223
2026-07-31 09:40:55,10000,-4476,28,70,223
2026-07-31 09:40:55,10000,-4476,28,70,223
2026-07-31 09:40:55,10000,-4476,28,70,223
2026-07-31 09:40:55,10000,-4476,28,70,223
2026-07-31 09:40:55,10000,-4476,28,70,223
2026-07-31 09:40:55,10000,-4476,28,70,223
2026-07-31 09:40:55,10000,-4476,28,70,223
2026-07-31 09:40:56,10000,-4476,28,70,223
2026-07-31 09:40:56,10000,-4476,28,70,223
2026-07-31 09:40:56,10000,-4476,28,70,223
2026-07-31 09:40:56,10000,-4476,28,70,223
2026-07-31 09:40:56,10000,-4476,28,70,223
2026-07-31 09:40:56,10000,-4476,28,70,223
2026-07-31 09:40:56,10000,-4476,28,70,224
2026-07-31 09:40:56,10000,-4476,28,70,224
2026-07-31 09:40:56,10000,-4476,28,70,224
2026-07-31 09:40:56,10000,-4476,28,70,224
2026-07-31 09:40:57,10000,-4476,28,70,224
2026-07-31 09:40:57,10000,-4476,28,70,224
2026-07-31 09:40:57,10000,-4476,28,70,224
2026-07-31 09:40:57,10000,-4476,28,70,224
2026-07-31 09:40:57,10000,-4476,28,70,224
2026-07-31 09:40:57,10000,-4476,28,70,224
2026-07-31 09:40:57,10000,-4476,28,70,225
2026-07-31 09:40:57,10000,-4476,28,70,225
2026-07-31 09:40:57,10000,-4476,28,70,225
2026-07-31 09:40:57,10000,-4476,28,70,225
2026-07-31 09:40:58,10000,-4476,28,70,225
2026-07-31 09:40:58,10000,-4430,28,69,225
2026-07-31 09:40:58,10000,-4386,27,68,225
2026-07-31 09:40:58,10000,-4341,27,68,225
2026-07-31 09:40:58,10000,-4296,27,67,225
2026-07-31 09:40:58,10000,-4197,26,65,226
2026-07-31 09:40:58,10000,-4105,26,64,226
2026-07-31 09:40:58,10000,-4013,25,62,226
2026-07-31 09:40:58,10000,-3923,24,61,226
2026-07-31 09:40:58,10000,-3833,24,60,226
2026-07-31 09:40:59,10000,-3742,23,58,226
2026-07-31 09:40:59,10000,-3616,22,56,226
2026-07-31 09:40:59,10000,-3491,22,54,226
2026-07-31 09:40:59,10000,-3366,21,52,226
2026-07-31 09:40:59,10000,-3241,20,50,226
2026-07-31 09:40:59,10000,-3116,19,48,227
2026-07-31 09:40:59,10000,-2991,18,46,227
2026-07-31 09:40:59,10000,-2858,17,44,227
2026-07-31 09:40:59,10000,-2724,17,42,227
2026-07-31 09:40:59,10000,-2591,16,40,227
2026-07-31 09:41:00,10000,-2457,15,38,227
2026-07-31 09:41:00,10000,-2323,14,36,227
2026-07-31 09:41:00,10000,-2249,13,35,227
2026-07-31 09:41:00,10000,-2179,13,33,227
2026-07-31 09:41:00,10000,-2110,12,32,227
2026-07-31 09:41:00,10000,-2040,12,31,228
2026-07-31 09:41:00,10000,-1971,12,30,228
2026-07-31 09:41:00,10000,-1953,11,30,228
2026-07-31 09:41:00,10000,-1935,11,30,228
2026-07-31 09:41:00,10000,-1918,11,29,228
2026-07-31 09:41:01,10000,-1900,11,29,228
2026-07-31 09:41:01,10000,-1882,11,29,228
2026-07-31 09:41:01,10000,-1882,11,29,228
2026-07-31 09:41:01,10000,-1882,11,29,229
2026-07-31 09:41:01,10000,-1882,11,29,229
2026-07-31 09:41:01,10000,-1882,11,29,229
2026-07-31 09:41:01,10000,-1882,11,29,229
2026-07-31 09:41:01,10000,-1882,11,29,229
2026-07-31 09:41:01,10000,-1882,11,29,229
2026-07-31 09:41:01,10000,-1882,11,29,229
2026-07-31 09:41:02,10000,-1882,11,29,229
2026-07-31 09:41:02,10000,-1882,11,29,229
2026-07-31 09:41:02,10000,-1882,11,29,229
2026-07-31 09:41:02,10000,-1882,11,29,229
2026-07-31 09:41:02,10000,-1882,11,29,229
2026-07-31 09:41:02,10000,-1882,11,29,230
2026-07-31 09:41:02,10000,-1882,11,29,230
2026-07-31 09:41:02,10000,-1882,11,29,230
2026-07-31 09:41:02,10000,-1882,11,29,230
2026-07-31 09:41:02,10000,-1882,11,29,230
2026-07-31 09:41:03,10000,-1882,11,29,230
2026-07-31 09:41:03,10000,-1882,11,29,230
2026-07-31 09:41:03,10000,-1882,11,29,230
2026-07-31 09:41:03,10000,-1882,11,29,230
2026-07-31 09:41:03,10000,-1882,11,29,230
2026-07-31 09:41:03,10000,-1882,11,29,231
2026-07-31 09:41:03,10000,-1882,11,29,231
2026-07-31 09:41:03,10000,-1882,11,29,231
2026-07-31 09:41:03,10000,-1882,11,29,231
2026-07-31 09:41:03,10000,-1882,11,29,231
2026-07-31 09:41:04,10000,-1882,11,29,231
2026-07-31 09:41:04,10000,-1882,11,29,231
2026-07-31 09:41:04,10000,-1882,11,29,231
2026-07-31 09:41:04,10000,-1882,11,29,231
2026-07-31 09:41:04,10000,-1882,11,29,231
2026-07-31 09:41:04,10000,-1882,11,29,232
2026-07-31 09:41:04,10000,-1882,11,29,232
2026-07-31 09:41:04,10000,-1882,11,29,232
2026-07-31 09:41:04,10000,-1882,11,29,232
2026-07-31 09:41:04,10000,-1882,11,29,232
2026-07-31 09:41:05,10000,-1882,11,29,232
2026-07-31 09:41:05,10000,-1882,11,29,232
2026-07-31 09:41:05,10000,-1882,11,29,232
2026-07-31 09:41:05,10000,-1882,11,29,233
2026-07-31 09:41:05,10000,-1882,11,29,233
2026-07-31 09:41:05,10000,-1882,11,29,233
2026-07-31 09:41:05,10000,-1882,11,29,233
2026-07-31 09:41:05,10000,-1882,11,29,233
2026-07-31 09:41:05,10000,-1882,11,29,233
2026-07-31 09:41:05,10000,-1882,11,29,233
2026-07-31 09:41:06,10000,-1882,11,29,233
2026-07-31 09:41:06,10000,-1882,11,29,233
2026-07-31 09:41:06,10000,-1882,11,29,233
2026-07-31 09:41:06,10000,-1882,11,29,234
2026-07-31 09:41:06,10000,-1882,11,29,234
2026-07-31 09:41:06,10000,-1882,11,29,234
2026-07-31 09:41:06,10000,-1882,11,29,234
2026-07-31 09:41:06,10000,-1882,11,29,234
2026-07-31 09:41:06,10000,-1882,11,29,234
2026-07-31 09:41:06,10000,-1882,11,29,234
2026-07-31 09:41:07,10000,-1882,11,29,235
2026-07-31 09:41:07,10000,-1882,11,29,235
2026-07-31 09:41:07,10000,-1882,11,29,235
2026-07-31 09:41:07,10000,-1882,11,29,235
2026-07-31 09:41:07,10000,-1882,11,29,235
2026-07-31 09:41:07,10000,-1882,11,29,235
2026-07-31 09:41:07,10000,-1882,11,29,235
2026-07-31 09:41:07,10000,-1882,11,29,235
2026-07-31 09:41:07,10000,-1882,11,29,235
2026-07-31 09:41:07,10000,-1882,11,29,236
2026-07-31 09:41:08,10000,-1882,11,29,236
2026-07-31 09:41:08,10000,-1882,11,29,236
2026-07-31 09:41:08,10000,-1882,11,29,236
2026-07-31 09:41:08,10000,-1882,11,29,236
2026-07-31 09:41:08,10000,-1882,11,29,236
2026-07-31 09:41:08,10000,-1882,11,29,236
2026-07-31 09:41:08,10000,-1882,11,29,236
2026-07-31 09:41:08,10000,-1882,11,29,236
2026-07-31 09:41:08,10000,-1882,11,29,236
2026-07-31 09:41:08,10000,-1882,11,29,237
2026-07-31 09:41:09,10000,-1882,11,29,237
2026-07-31 09:41:09,10000,-1882,11,29,237
2026-07-31 09:41:09,10000,-1882,11,29,237
2026-07-31 09:41:09,10000,-1882,11,29,237
2026-07-31 09:41:09,10000,-1882,11,29,237
2026-07-31 09:41:09,10000,-1882,11,29,237
2026-07-31 09:41:09,10000,-1882,11,29,237
2026-07-31 09:41:09,10000,-1882,11,29,237
2026-07-31 09:41:09,10000,-1882,11,29,237
2026-07-31 09:41:09,10000,-1882,11,29,237
2026-07-31 09:41:10,10000,-1882,11,29,237
2026-07-31 09:41:10,10000,-1882,11,29,238
2026-07-31 09:41:10,10000,-1882,11,29,238
2026-07-31 09:41:10,10000,-1882,11,29,238
2026-07-31 09:41:10,10000,-1882,11,29,238
2026-07-31 09:41:10,10000,-1882,11,29,238
2026-07-31 09:41:10,10000,-1882,11,29,238
2026-07-31 09:41:10,10000,-1882,11,29,238
2026-07-31 09:41:10,10000,-1882,11,29,238
2026-07-31 09:41:10,10000,-1882,11,29,238
2026-07-31 09:41:11,10000,-1882,11,29,239
2026-07-31 09:41:11,10000,-1882,11,29,239
2026-07-31 09:41:11,10000,-1882,11,29,239
2026-07-31 09:41:11,10000,-1882,11,29,239
2026-07-31 09:41:11,10000,-1882,11,29,239
2026-07-31 09:41:11,10000,-1882,11,29,239
2026-07-31 09:41:11,10000,-1882,11,29,239
2026-07-31 09:41:11,10000,-1882,11,29,239
2026-07-31 09:41:11,10000,-1851,11,28,239
2026-07-31 09:41:11,10000,-1818,10,28,240
2026-07-31 09:41:12,10000,-1785,10,27,240
2026-07-31 09:41:12,10000,-1752,10,27,240
2026-07-31 09:41:12,10000,-1719,10,26,240
2026-07-31 09:41:12,10000,-1686,10,26,240
2026-07-31 09:41:12,10000,-1615,9,25,240
2026-07-31 09:41:12,10000,-1543,9,23,240
2026-07-31 09:41:12,10000,-1471,8,22,240
2026-07-31 09:41:12,10000,-1398,7,21,240
2026-07-31 09:41:12,10000,-1327,7,20,240
2026-07-31 09:41:12,10000,-1254,6,19,240
2026-07-31 09:41:13,10000,-1089,5,16,241
2026-07-31 09:41:13,10000,-937,4,14,241
2026-07-31 09:41:13,10000,-785,3,11,241
2026-07-31 09:41:13,10000,-635,2,9,241
2026-07-31 09:41:13,10000,-483,1,7,241
2026-07-31 09:41:13,10000,-285,0,3,241
2026-07-31 09:41:13,10000,-81,-1,0,241
2026-07-31 09:41:13,10000,129,-3,-2,241
2026-07-31 09:41:13,10000,324,-4,-5,241
2026-07-31 09:41:14,10000,730,-7,-12,242
2026-07-31 09:41:14,10000,943,-8,-15,242
2026-07-31 09:41:14,10000,1158,-10,-18,242
2026-07-31 09:41:14,10000,1370,-12,-22,242
2026-07-31 09:41:14,10000,1799,-15,-29,242
2026-07-31 09:41:14,10000,2022,-16,-32,242
2026-07-31 09:41:14,10000,2251,-18,-36,243
2026-07-31 09:41:14,10000,2477,-20,-39,243
2026-07-31 09:41:14,10000,2704,-21,-43,243
2026-07-31 09:41:15,10000,2931,-23,-47,243
2026-07-31 09:41:15,10000,3159,-25,-50,243
2026-07-31 09:41:15,10000,3434,-27,-55,243
2026-07-31 09:41:15,10000,3713,-29,-59,243
2026-07-31 09:41:15,10000,3992,-31,-63,243
2026-07-31 09:41:15,10000,4270,-33,-68,243
2026-07-31 09:41:15,10000,4549,-35,-72,243
2026-07-31 09:41:15,10000,4833,-37,-77,243
2026-07-31 09:41:15,10000,5112,-39,-81,244
2026-07-31 09:41:15,10000,5396,-41,-86,244
2026-07-31 09:41:16,10000,5680,-43,-90,244
2026-07-31 09:41:16,10000,5964,-45,-95,244
2026-07-31 09:41:16,10000,6248,-47,-99,244
2026-07-31 09:41:16,10000,6531,-49,-104,244
2026-07-31 09:41:16,10000,6812,-51,-108,244
2026-07-31 09:41:16,10000,7097,-53,-113,244
2026-07-31 09:41:16,10000,7382,-55,-117,244
2026-07-31 09:41:16,10000,7673,-58,-122,244
2026-07-31 09:41:16,10000,7952,-60,-126,245
2026-07-31 09:41:16,10000,8213,-62,-130,245
2026-07-31 09:41:17,10000,8471,-63,-134,245
2026-07-31 09:41:17,10000,8732,-65,-138,245
2026-07-31 09:41:17,10000,8987,-67,-142,245
2026-07-31 09:41:17,10000,9245,-69,-147,245
2026-07-31 09:41:17,10000,9502,-71,-151,245
2026-07-31 09:41:17,10000,9731,-73,-154,245
2026-07-31 09:41:17,10000,9956,-74,-158,245
2026-07-31 09:41:17,10000,10178,-76,-161,245
2026-07-31 09:41:17,10000,10399,-78,-165,245
2026-07-31 09:41:17,10000,10620,-79,-168,246
2026-07-31 09:41:18,10000,10842,-81,-172,246
2026-07-31 09:41:18,10000,11063,-82,-175,246
2026-07-31 09:41:18,10000,11219,-84,-178,246
2026-07-31 09:41:18,10000,11368,-85,-180,246
2026-07-31 09:41:18,10000,11518,-86,-182,246
2026-07-31 09:41:18,10000,11668,-87,-185,246
2026-07-31 09:41:18,10000,11818,-88,-187,246
2026-07-31 09:41:18,10000,11969,-89,-190,246
2026-07-31 09:41:18,10000,12010,-89,-190,246
2026-07-31 09:41:18,10000,12047,-90,-191,246
2026-07-31 09:41:19,10000,12084,-90,-191,246
2026-07-31 09:41:19,10000,12122,-90,-192,247
2026-07-31 09:41:19,10000,12159,-91,-193,247
2026-07-31 09:41:19,10000,12159,-91,-193,247
2026-07-31 09:41:19,10000,12159,-91,-193,247
2026-07-31 09:41:19,10000,12159,-91,-193,247
2026-07-31 09:41:19,10000,12159,-91,-193,247
2026-07-31 09:41:19,10000,12159,-91,-193,247
2026-07-31 09:41:19,10000,12159,-91,-193,247
2026-07-31 09:41:19,10000,12159,-91,-193,247
2026-07-31 09:41:20,10000,12159,-91,-193,248
2026-07-31 09:41:20,10000,12159,-91,-193,248
2026-07-31 09:41:20,10000,12159,-91,-193,248
2026-07-31 09:41:20,10000,12159,-91,-193,248
2026-07-31 09:41:20,10000,12159,-91,-193,248
2026-07-31 09:41:20,10000,12159,-91,-193,248
2026-07-31 09:41:20,10000,12112,-90,-192,248
2026-07-31 09:41:20,10000,12092,-90,-191,248
2026-07-31 09:41:20,10000,12073,-90,-191,248
2026-07-31 09:41:20,10000,12053,-90,-191,248
2026-07-31 09:41:21,10000,12034,-90,-191,248
2026-07-31 09:41:21,10000,12014,-89,-190,248
2026-07-31 09:41:21,10000,11982,-89,-190,249
2026-07-31 09:41:21,10000,11947,-89,-189,249
2026-07-31 09:41:21,10000,11912,-89,-189,249
2026-07-31 09:41:21,10000,11877,-88,-188,249
2026-07-31 09:41:21,10000,11841,-88,-187,249
2026-07-31 09:41:21,10000,11806,-88,-187,249
2026-07-31 09:41:21,10000,11716,-87,-185,249
2026-07-31 09:41:21,10000,11626,-87,-184,249
2026-07-31 09:41:22,10000,11535,-86,-183,249
2026-07-31 09:41:22,10000,11445,-85,-181,250
2026-07-31 09:41:22,10000,11355,-85,-180,250
2026-07-31 09:41:22,10000,11265,-84,-178,250
2026-07-31 09:41:22,10000,11103,-83,-176,250
2026-07-31 09:41:22,10000,10940,-81,-173,250
2026-07-31 09:41:22,10000,10780,-80,-171,250
2026-07-31 09:41:22,10000,10619,-79,-168,250
2026-07-31 09:41:22,10000,10458,-78,-166,250
2026-07-31 09:41:22,10000,10243,-76,-162,250
2026-07-31 09:41:23,10000,10031,-75,-159,250
2026-07-31 09:41:23,10000,9837,-73,-156,250
2026-07-31 09:41:23,10000,9644,-72,-153,251
2026-07-31 09:41:23,10000,9451,-70,-150,251
2026-07-31 09:41:23,10000,9258,-69,-147,251
2026-07-31 09:41:23,10000,9065,-67,-143,251
2026-07-31 09:41:23,10000,8884,-66,-141,251
2026-07-31 09:41:23,10000,8698,-65,-138,251
2026-07-31 09:41:23,10000,8513,-63,-135,251
2026-07-31 09:41:23,10000,8328,-62,-132,251
2026-07-31 09:41:24,10000,8142,-60,-129,251
2026-07-31 09:41:24,10000,7938,-59,-126,251
2026-07-31 09:41:24,10000,7734,-57,-122,252
2026-07-31 09:41:24,10000,7529,-56,-119,252
2026-07-31 09:41:24,10000,7325,-54,-116,252
2026-07-31 09:41:24,10000,7120,-53,-113,252
2026-07-31 09:41:24,10000,6916,-51,-109,252
2026-07-31 09:41:24,10000,6707,-50,-106,252
2026-07-31 09:41:24,10000,6504,-48,-103,252
2026-07-31 09:41:24,10000,6301,-47,-100,252
2026-07-31 09:41:25,10000,6099,-45,-96,252
2026-07-31 09:41:25,10000,5896,-44,-93,252
2026-07-31 09:41:25,10000,5693,-42,-90,252
2026-07-31 09:41:25,10000,5514,-41,-87,252
2026-07-31 09:41:25,10000,5333,-39,-84,253
2026-07-31 09:41:25,10000,5152,-38,-81,253
2026-07-31 09:41:25,10000,4971,-37,-79,253
2026-07-31 09:41:25,10000,4790,-35,-76,253
2026-07-31 09:41:25,10000,4632,-34,-73,253
2026-07-31 09:41:25,10000,4476,-33,-71,253
2026-07-31 09:41:26,10000,4318,-32,-68,253
2026-07-31 09:41:26,10000,4161,-30,-66,253
2026-07-31 09:41:26,10000,4003,-29,-63,253
2026-07-31 09:41:26,10000,3846,-28,-61,253
2026-07-31 09:41:26,10000,3788,-28,-60,254
2026-07-31 09:41:26,10000,3739,-27,-59,254
2026-07-31 09:41:26,10000,3689,-27,-58,254
2026-07-31 09:41:26,10000,3640,-26,-57,254
2026-07-31 09:41:26,10000,3591,-26,-57,254
2026-07-31 09:41:26,10000,3591,-26,-57,254
2026-07-31 09:41:27,10000,3591,-26,-57,254
2026-07-31 09:41:27,10000,3591,-26,-57,254
2026-07-31 09:41:27,10000,3591,-26,-57,254
2026-07-31 09:41:27,10000,3591,-26,-57,254
2026-07-31 09:41:27,10000,3591,-26,-57,255
2026-07-31 09:41:27,10000,3591,-26,-57,255
2026-07-31 09:41:27,10000,3591,-26,-57,255
2026-07-31 09:41:27,10000,3591,-26,-57,255
2026-07-31 09:41:27,10000,3591,-26,-57,255
2026-07-31 09:41:27,10000,3591,-26,-57,255
2026-07-31 09:41:28,10000,3591,-26,-57,255
2026-07-31 09:41:28,10000,3591,-26,-57,255
2026-07-31 09:41:28,10000,3591,-26,-57,255
2026-07-31 09:41:28,10000,3591,-26,-57,255
2026-07-31 09:41:28,10000,3591,-26,-57,256
2026-07-31 09:41:28,10000,3591,-26,-57,256
2026-07-31 09:41:28,10000,3591,-26,-57,256
2026-07-31 09:41:28,10000,3627,-26,-57,256
2026-07-31 09:41:28,10000,3670,-27,-58,256
2026-07-31 09:41:28,10000,3712,-27,-59,256
2026-07-31 09:41:29,10000,3754,-27,-59,256
2026-07-31 09:41:29,10000,3796,-28,-60,257
2026-07-31 09:41:29,10000,3891,-28,-61,257
2026-07-31 09:41:29,10000,3990,-29,-63,257
2026-07-31 09:41:29,10000,4088,-30,-65,257
2026-07-31 09:41:29,10000,4187,-31,-66,257
2026-07-31 09:41:29,10000,4285,-31,-68,257
2026-07-31 09:41:29,10000,4384,-32,-69,257
2026-07-31 09:41:29,10000,4552,-34,-72,257
2026-07-31 09:41:29,10000,4731,-35,-75,257
2026-07-31 09:41:30,10000,4911,-36,-78,258
2026-07-31 09:41:30,10000,5090,-38,-81,258
2026-07-31 09:41:30,10000,5269,-39,-83,258
2026-07-31 09:41:30,10000,5448,-40,-86,258
2026-07-31 09:41:30,10000,5706,-42,-90,258
2026-07-31 09:41:30,10000,5966,-45,-95,258
2026-07-31 09:41:30,10000,6226,-47,-99,258
2026-07-31 09:41:30,10000,6485,-49,-103,258
2026-07-31 09:41:30,10000,6745,-51,-107,258
2026-07-31 09:41:30,10000,7005,-53,-111,258
2026-07-31 09:41:31,10000,7332,-55,-116,258
2026-07-31 09:41:31,10000,7662,-58,-122,258
2026-07-31 09:41:31,10000,7992,-60,-127,259
2026-07-31 09:41:31,10000,8322,-63,-132,259
2026-07-31 09:41:31,10000,8651,-65,-137,259
2026-07-31 09:41:31,10000,8981,-68,-143,259
2026-07-31 09:41:31,10000,9357,-71,-149,259
2026-07-31 09:41:31,10000,9782,-74,-155,259
2026-07-31 09:41:31,10000,10217,-78,-162,259
2026-07-31 09:41:31,10000,10652,-81,-169,259
2026-07-31 09:41:32,10000,11087,-84,-176,259
2026-07-31 09:41:32,10000,11522,-88,-183,259
2026-07-31 09:41:32,10000,11961,-91,-190,259
2026-07-31 09:41:32,10000,12466,-95,-198,259
2026-07-31 09:41:32,10000,12980,-99,-206,260
2026-07-31 09:41:32,10000,13500,-103,-215,260
2026-07-31 09:41:32,10000,14009,-107,-223,260
2026-07-31 09:41:32,10000,14523,-111,-231,260
2026-07-31 09:41:32,10000,15037,-115,-239,260
2026-07-31 09:41:32,10000,15631,-120,-249,260
2026-07-31 09:41:33,10000,16226,-125,-258,260
2026-07-31 09:41:33,10000,16820,-129,-268,260
2026-07-31 09:41:33,10000,17415,-134,-277,260
2026-07-31 09:41:33,10000,18009,-139,-287,261
2026-07-31 09:41:33,10000,18629,-144,-297,261
2026-07-31 09:41:33,10000,19249,-148,-307,261
2026-07-31 09:41:33,10000,19869,-153,-316,261
2026-07-31 09:41:33,10000,20489,-158,-326,261
2026-07-31 09:41:33,10000,21110,-163,-336,261
2026-07-31 09:41:33,10000,21730,-168,-346,261
2026-07-31 09:41:34,10000,22361,-173,-356,261
2026-07-31 09:41:34,10000,22994,-178,-366,261
2026-07-31 09:41:34,10000,23627,-183,-376,261
2026-07-31 09:41:34,10000,24259,-188,-386,261
2026-07-31 09:41:34,10000,24892,-193,-396,261
2026-07-31 09:41:34,10000,25525,-198,-407,261
2026-07-31 09:41:34,10000,26157,-203,-417,262
2026-07-31 09:41:34,10000,26786,-208,-427,262
2026-07-31 09:41:34,10000,27415,-213,-437,262
2026-07-31 09:41:34,10000,28043,-218,-447,262
2026-07-31 09:41:35,10000,28672,-223,-457,262
2026-07-31 09:41:35,10000,29259,-227,-466,262
2026-07-31 09:41:35,10000,29851,-232,-476,262
2026-07-31 09:41:35,10000,30444,-237,-485,262
2026-07-31 09:41:35,10000,31038,-241,-495,262
2026-07-31 09:41:35,10000,31631,-246,-504,262
2026-07-31 09:41:35,10000,32224,-251,-514,262
2026-07-31 09:41:35,10000,32817,-255,-523,263
2026-07-31 09:41:35,10000,33427,-260,-533,263
2026-07-31 09:41:35,10000,34036,-265,-543,263
2026-07-31 09:41:36,10000,34645,-270,-552,263
2026-07-31 09:41:36,10000,35254,-275,-562,263
2026-07-31 09:41:36,10000,35864,-280,-572,263
2026-07-31 09:41:36,10000,36433,-284,-581,263
2026-07-31 09:41:36,10000,37004,-289,-590,263
2026-07-31 09:41:36,10000,37590,-294,-600,264
2026-07-31 09:41:36,10000,38152,-298,-609,264
2026-07-31 09:41:36,10000,38727,-303,-618,264
2026-07-31 09:41:36,10000,39301,-307,-627,264
2026-07-31 09:41:36,10000,39875,-312,-636,264
2026-07-31 09:41:37,10000,40440,-317,-645,264
2026-07-31 09:41:37,10000,41009,-321,-654,264
2026-07-31 09:41:37,10000,41583,-326,-663,264
2026-07-31 09:41:37,10000,42147,-330,-672,264
2026-07-31 09:41:37,10000,42697,-335,-681,265
2026-07-31 09:41:37,10000,43247,-339,-690,265
2026-07-31 09:41:37,10000,43786,-344,-699,265
2026-07-31 09:41:37,10000,44332,-348,-707,265
2026-07-31 09:41:37,10000,44878,-353,-716,265
2026-07-31 09:41:37,10000,45424,-357,-725,265
2026-07-31 09:41:38,10000,45971,-361,-734,265
2026-07-31 09:41:38,10000,46524,-366,-742,266
2026-07-31 09:41:38,10000,47077,-370,-751,266
2026-07-31 09:41:38,10000,47631,-375,-760,266
2026-07-31 09:41:38,10000,48184,-379,-769,266
2026-07-31 09:41:38,10000,48737,-384,-778,266
2026-07-31 09:41:38,10000,49289,-388,-787,266
2026-07-31 09:41:38,10000,49830,-393,-795,266
2026-07-31 09:41:38,10000,50380,-397,-804,266
2026-07-31 09:41:38,10000,50929,-402,-813,266
2026-07-31 09:41:39,10000,51479,-406,-822,266
2026-07-31 09:41:39,10000,52029,-411,-831,267
2026-07-31 09:41:39,10000,52579,-415,-839,267
2026-07-31 09:41:39,10000,53126,-420,-848,267
2026-07-31 09:41:39,10000,53675,-424,-857,267
2026-07-31 09:41:39,10000,54230,-429,-866,267
2026-07-31 09:41:39,10000,54773,-433,-875,267
2026-07-31 09:41:39,10000,55963,-443,-894,267
2026-07-31 09:41:39,10000,56593,-448,-904,267
2026-07-31 09:41:39,10000,57177,-453,-913,267
2026-07-31 09:41:40,10000,57760,-458,-923,268
2026-07-31 09:41:40,10000,57760,-458,-923,268
2026-07-31 09:41:40,10000,58928,-467,-941,268
2026-07-31 09:41:40,10000,59477,-472,-950,268
2026-07-31 09:41:40,10000,60021,-476,-959,268
2026-07-31 09:41:40,10000,60574,-481,-968,268
2026-07-31 09:41:40,10000,61126,-485,-976,268
2026-07-31 09:41:40,10000,61679,-490,-985,268
2026-07-31 09:41:40,10000,62231,-494,-994,268
2026-07-31 09:41:40,10000,62770,-499,-1003,268
2026-07-31 09:41:41,10000,63311,-503,-1011,268
2026-07-31 09:41:41,10000,63852,-508,-1020,268
2026-07-31 09:41:41,10000,64394,-512,-1029,269
2026-07-31 09:41:41,10000,64935,-516,-1037,269
2026-07-31 09:41:41,10000,65477,-521,-1046,269
2026-07-31 09:41:41,10000,66035,-526,-1055,269
2026-07-31 09:41:41,10000,66598,-530,-1064,269
2026-07-31 09:41:41,10000,67162,-535,-1073,269
2026-07-31 09:41:41,10000,67725,-540,-1082,269
2026-07-31 09:41:41,10000,68288,-544,-1091,269
2026-07-31 09:41:42,10000,68851,-549,-1100,269
2026-07-31 09:41:42,10000,69444,-554,-1109,269
2026-07-31 09:41:42,10000,70047,-559,-1119,270
2026-07-31 09:41:42,10000,70651,-564,-1129,270
2026-07-31 09:41:42,10000,71260,-569,-1138,270
2026-07-31 09:41:42,10000,71857,-574,-1148,270
2026-07-31 09:41:42,10000,72460,-579,-1157,270
2026-07-31 09:41:42,10000,73109,-584,-1168,270
2026-07-31 09:41:42,10000,73751,-590,-1178,270
2026-07-31 09:41:42,10000,74394,-595,-1188,271
2026-07-31 09:41:43,10000,75036,-600,-1199,271
2026-07-31 09:41:43,10000,75678,-606,-1209,271
2026-07-31 09:41:43,10000,76336,-611,-1219,271
2026-07-31 09:41:43,10000,76993,-617,-1230,271
2026-07-31 09:41:43,10000,77647,-622,-1240,271
2026-07-31 09:41:43,10000,78303,-628,-1251,271
2026-07-31 09:41:43,10000,78959,-633,-1261,271
2026-07-31 09:41:43,10000,79614,-639,-1272,271
2026-07-31 09:41:43,10000,80270,-644,-1282,272
2026-07-31 09:41:43,10000,80919,-650,-1292,272
2026-07-31 09:41:44,10000,81561,-655,-1303,272
2026-07-31 09:41:44,10000,82200,-660,-1313,272
2026-07-31 09:41:44,10000,82838,-666,-1323,272
2026-07-31 09:41:44,10000,83476,-671,-1333,272
2026-07-31 09:41:44,10000,84115,-677,-1343,272
2026-07-31 09:41:44,10000,84729,-682,-1353,272
2026-07-31 09:41:44,10000,85348,-687,-1363,272
2026-07-31 09:41:44,10000,85968,-692,-1373,272
2026-07-31 09:41:44,10000,86587,-697,-1383,273
2026-07-31 09:41:44,10000,87206,-703,-1393,273
2026-07-31 09:41:45,10000,87829,-708,-1403,273
2026-07-31 09:41:45,10000,88449,-713,-1412,273
2026-07-31 09:41:45,10000,89071,-718,-1422,273
2026-07-31 09:41:45,10000,89694,-724,-1432,273
2026-07-31 09:41:45,10000,90316,-729,-1442,273
2026-07-31 09:41:45,10000,90938,-734,-1452,273
2026-07-31 09:41:45,10000,91560,-739,-1462,273
2026-07-31 09:41:45,10000,92206,-745,-1473,273
2026-07-31 09:41:45,10000,92854,-750,-1483,274
2026-07-31 09:41:45,10000,93501,-756,-1493,274
2026-07-31 09:41:46,10000,94149,-761,-1504,274
2026-07-31 09:41:46,10000,94809,-767,-1514,274
2026-07-31 09:41:46,10000,95446,-772,-1524,274
2026-07-31 09:41:46,10000,96091,-777,-1535,274
2026-07-31 09:41:46,10000,96735,-783,-1545,274
2026-07-31 09:41:46,10000,97380,-788,-1555,274
2026-07-31 09:41:46,10000,98025,-794,-1566,274
2026-07-31 09:41:46,10000,98678,-799,-1576,274
2026-07-31 09:41:46,10000,99327,-805,-1586,274
2026-07-31 09:41:46,10000,99974,-810,-1597,274
2026-07-31 09:41:47,10000,100621,-816,-1607,274
2026-07-31 09:41:47,10000,101268,-821,-1617,274
2026-07-31 09:41:47,10000,101916,-827,-1628,275
2026-07-31 09:41:47,10000,102573,-832,-1638,275
2026-07-31 09:41:47,10000,103230,-838,-1649,275
2026-07-31 09:41:47,10000,103888,-843,-1659,275
2026-07-31 09:41:47,10000,104545,-849,-1670,275
2026-07-31 09:41:47,10000,105868,-860,-1691,275
2026-07-31 09:41:47,10000,106539,-866,-1701,275
2026-07-31 09:41:48,10000,107211,-872,-1712,276
2026-07-31 09:41:48,10000,107889,-877,-1723,276
2026-07-31 09:41:48,10000,108553,-883,-1734,276
2026-07-31 09:41:48,10000,109225,-889,-1744,276
2026-07-31 09:41:48,10000,109889,-894,-1755,276
2026-07-31 09:41:48,10000,110553,-900,-1765,276
2026-07-31 09:41:48,10000,111218,-906,-1776,276
2026-07-31 09:41:48,10000,111882,-911,-1787,276
2026-07-31 09:41:48,10000,112557,-917,-1797,276
2026-07-31 09:41:48,10000,113227,-923,-1808,276
2026-07-31 09:41:49,10000,113897,-928,-1819,277
2026-07-31 09:41:49,10000,114566,-934,-1829,277
2026-07-31 09:41:49,10000,115236,-940,-1840,277
2026-07-31 09:41:49,10000,115874,-945,-1850,277
2026-07-31 09:41:49,10000,116509,-951,-1860,277
2026-07-31 09:41:49,10000,117145,-956,-1871,277
2026-07-31 09:41:49,10000,117781,-961,-1881,277
2026-07-31 09:41:49,10000,118417,-967,-1891,277
2026-07-31 09:41:49,10000,119052,-972,-1901,277
2026-07-31 09:41:49,10000,119688,-978,-1911,277
2026-07-31 09:41:50,10000,120337,-983,-1921,277
2026-07-31 09:41:50,10000,120982,-989,-1932,278
2026-07-31 09:41:50,10000,121627,-994,-1942,278
2026-07-31 09:41:50,10000,122272,-1000,-1952,278
2026-07-31 09:41:50,10000,122918,-1005,-1963,278
2026-07-31 09:41:50,10000,123572,-1011,-1973,278
2026-07-31 09:41:50,10000,124226,-1016,-1984,278
2026-07-31 09:41:50,10000,124882,-1022,-1994,278
2026-07-31 09:41:50,10000,125538,-1028,-2004,278
2026-07-31 09:41:50,10000,126195,-1033,-2015,278
2026-07-31 09:41:51,10000,126851,-1039,-2025,278
2026-07-31 09:41:51,10000,127497,-1044,-2036,278
2026-07-31 09:41:51,10000,128144,-1050,-2046,278
2026-07-31 09:41:51,10000,128791,-1055,-2056,279
2026-07-31 09:41:51,10000,129438,-1061,-2067,279
2026-07-31 09:41:51,10000,130092,-1066,-2077,279
2026-07-31 09:41:51,10000,130732,-1072,-2087,279
2026-07-31 09:41:51,10000,131394,-1078,-2098,279
2026-07-31 09:41:51,10000,132055,-1083,-2108,279
2026-07-31 09:41:51,10000,132715,-1089,-2119,279
2026-07-31 09:41:52,10000,133376,-1094,-2129,279
2026-07-31 09:41:52,10000,134036,-1100,-2140,279
2026-07-31 09:41:52,10000,134697,-1106,-2150,279
2026-07-31 09:41:52,10000,135364,-1112,-2161,279
2026-07-31 09:41:52,10000,136029,-1117,-2172,279
2026-07-31 09:41:52,10000,136694,-1123,-2182,280
2026-07-31 09:41:52,10000,137359,-1129,-2193,280
2026-07-31 09:41:52,10000,138023,-1134,-2203,280
2026-07-31 09:41:52,10000,138688,-1140,-2214,280
2026-07-31 09:41:52,10000,139346,-1146,-2224,280
2026-07-31 09:41:53,10000,140003,-1151,-2235,280
2026-07-31 09:41:53,10000,140651,-1157,-2245,280
2026-07-31 09:41:53,10000,141300,-1162,-2255,280
2026-07-31 09:41:53,10000,141949,-1168,-2266,280
2026-07-31 09:41:53,10000,142598,-1174,-2276,281
2026-07-31 09:41:53,10000,143247,-1179,-2286,281
2026-07-31 09:41:53,10000,143897,-1185,-2296,281
2026-07-31 09:41:53,10000,144530,-1190,-2307,281
2026-07-31 09:41:53,10000,145158,-1196,-2316,281
2026-07-31 09:41:53,10000,145786,-1201,-2326,281
2026-07-31 09:41:54,10000,146414,-1206,-2336,281
2026-07-31 09:41:54,10000,147042,-1212,-2346,281
2026-07-31 09:41:54,10000,147665,-1217,-2356,281
2026-07-31 09:41:54,10000,148289,-1222,-2366,281
2026-07-31 09:41:54,10000,148911,-1228,-2376,281
2026-07-31 09:41:54,10000,149532,-1233,-2386,281
2026-07-31 09:41:54,10000,150154,-1238,-2395,281
2026-07-31 09:41:54,10000,150775,-1244,-2405,282
2026-07-31 09:41:54,10000,151397,-1249,-2415,282
2026-07-31 09:41:54,10000,152025,-1255,-2425,282
2026-07-31 09:41:55,10000,152656,-1260,-2435,282
2026-07-31 09:41:55,10000,153287,-1265,-2445,282
2026-07-31 09:41:55,10000,153918,-1271,-2455,282
2026-07-31 09:41:55,10000,154549,-1276,-2465,282
2026-07-31 09:41:55,10000,155169,-1282,-2474,282
2026-07-31 09:41:55,10000,155803,-1287,-2484,282
2026-07-31 09:41:55,10000,156437,-1293,-2494,282
2026-07-31 09:41:55,10000,157071,-1298,-2504,283
2026-07-31 09:41:55,10000,157705,-1304,-2514,283
2026-07-31 09:41:55,10000,158339,-1309,-2524,283
2026-07-31 09:41:56,10000,158961,-1314,-2534,283
2026-07-31 09:41:56,10000,159581,-1320,-2544,283
2026-07-31 09:41:56,10000,160201,-1325,-2554,283
2026-07-31 09:41:56,10000,160821,-1331,-2564,283
2026-07-31 09:41:56,10000,161441,-1336,-2573,283
2026-07-31 09:41:56,10000,162062,-1341,-2583,283
2026-07-31 09:41:56,10000,162667,-1347,-2593,283
2026-07-31 09:41:56,10000,163281,-1352,-2602,283
2026-07-31 09:41:56,10000,163896,-1357,-2612,284
2026-07-31 09:41:56,10000,164510,-1363,-2621,284
2026-07-31 09:41:57,10000,165125,-1368,-2631,284
2026-07-31 09:41:57,10000,165743,-1373,-2641,284
2026-07-31 09:41:57,10000,166988,-1384,-2660,284
2026-07-31 09:41:57,10000,167613,-1390,-2670,284
2026-07-31 09:41:57,10000,168238,-1395,-2680,284
2026-07-31 09:41:57,10000,168864,-1400,-2690,285
2026-07-31 09:41:57,10000,169489,-1406,-2699,285
2026-07-31 09:41:57,10000,170125,-1411,-2709,285
2026-07-31 09:41:57,10000,170762,-1417,-2719,285
2026-07-31 09:41:58,10000,171399,-1423,-2729,285
2026-07-31 09:41:58,10000,172036,-1428,-2739,285
2026-07-31 09:41:58,10000,172673,-1434,-2749,285
2026-07-31 09:41:58,10000,173276,-1439,-2759,285
2026-07-31 09:41:58,10000,173867,-1444,-2768,285
2026-07-31 09:41:58,10000,174451,-1449,-2777,285
2026-07-31 09:41:58,10000,175036,-1454,-2786,286
2026-07-31 09:41:58,10000,175620,-1460,-2795,286
2026-07-31 09:41:58,10000,176204,-1465,-2804,286
2026-07-31 09:41:58,10000,176783,-1470,-2813,286
2026-07-31 09:41:59,10000,177366,-1475,-2823,286
2026-07-31 09:41:59,10000,177948,-1480,-2832,286
2026-07-31 09:41:59,10000,178530,-1485,-2841,286
2026-07-31 09:41:59,10000,179112,-1490,-2850,286
2026-07-31 09:41:59,10000,179694,-1495,-2859,286
2026-07-31 09:41:59,10000,180257,-1500,-2868,286
2026-07-31 09:41:59,10000,180819,-1505,-2877,287
2026-07-31 09:41:59,10000,181381,-1510,-2885,287
2026-07-31 09:41:59,10000,181944,-1515,-2894,287
2026-07-31 09:41:59,10000,182506,-1520,-2903,287
2026-07-31 09:42:00,10000,183054,-1525,-2912,287
2026-07-31 09:42:00,10000,183607,-1530,-2920,287
2026-07-31 09:42:00,10000,184195,-1535,-2929,287
2026-07-31 09:42:00,10000,184784,-1540,-2939,287
2026-07-31 09:42:00,10000,185372,-1545,-2948,287
2026-07-31 09:42:00,10000,185960,-1551,-2957,288
2026-07-31 09:42:00,10000,186549,-1556,-2966,288
2026-07-31 09:42:00,10000,187133,-1558,-2976,288
2026-07-31 09:42:00,10000,187721,-1557,-2985,288
2026-07-31 09:42:00,10000,188308,-1540,-2994,288
2026-07-31 09:42:01,10000,188893,-1497,-3002,288
2026-07-31 09:42:01,10000,189476,-1424,-3006,288
2026-07-31 09:42:01,10000,190054,-1323,-3007,288
2026-07-31 09:42:01,10000,190650,-1190,-3006,288
2026-07-31 09:42:01,10000,191237,-1016,-3006,289
2026-07-31 09:42:01,10000,191812,-804,-3003,289
2026-07-31 09:42:01,10000,192371,-555,-2998,289
2026-07-31 09:42:01,10000,192915,-273,-2995,289
2026-07-31 09:42:01,10000,193449,25,-2991,282
2026-07-31 09:42:01,10000,194008,357,-2985,256
2026-07-31 09:42:02,10000,194550,704,-2980,205
2026-07-31 09:42:02,10000,195076,1076,-2977,36
2026-07-31 09:42:02,10000,195587,1468,-2978,-233
2026-07-31 09:42:02,10000,196078,1885,-2979,-526
2026-07-31 09:42:02,10000,196528,2315,-2975,-788
2026-07-31 09:42:02,10000,196969,2782,-2968,-1078
2026-07-31 09:42:02,10000,197383,3268,-2962,-1448
2026-07-31 09:42:02,10000,197762,3773,-2956,-1835
2026-07-31 09:42:02,10000,198118,4311,-2950,-2208
2026-07-31 09:42:02,10000,198440,4861,-2944,-2517
2026-07-31 09:42:03,10000,198729,5430,-2938,-2687
2026-07-31 09:42:03,10000,198977,6007,-2932,-2836
2026-07-31 09:42:03,10000,199214,6589,-2927,-3051
2026-07-31 09:42:03,10000,199441,7174,-2922,-3303
2026-07-31 09:42:03,10000,199645,7761,-2919,-3557
2026-07-31 09:42:03,10000,199843,8364,-2916,-3860
2026-07-31 09:42:03,10000,200033,8967,-2913,-4192
2026-07-31 09:42:03,10000,200192,9568,-2915,-4479
2026-07-31 09:42:03,10000,200320,10183,-2919,-4790
2026-07-31 09:42:03,10000,200424,10809,-2917,-5141
2026-07-31 09:42:04,10000,200502,11432,-2913,-5474
2026-07-31 09:42:04,10000,200569,12056,-2909,-5788
2026-07-31 09:42:04,10000,200643,12676,-2905,-6158
2026-07-31 09:42:04,10000,200719,13288,-2902,-6480
2026-07-31 09:42:04,10000,200797,13907,-2900,-6541
2026-07-31 09:42:04,10000,200875,14532,-2897,-6649
2026-07-31 09:42:04,10000,200952,15145,-2895,-6866
2026-07-31 09:42:04,10000,201029,15764,-2892,-6940
2026-07-31 09:42:04,10000,201107,16384,-2890,-7039
2026-07-31 09:42:04,10000,201186,17012,-2888,-7371
2026-07-31 09:42:05,10000,201264,17627,-2885,-7632
2026-07-31 09:42:05,10000,201343,18254,-2883,-7879
2026-07-31 09:42:05,10000,201422,18876,-2881,-8088
2026-07-31 09:42:05,10000,201500,19497,-2879,-8116
2026-07-31 09:42:05,10000,201580,20128,-2876,-8046
2026-07-31 09:42:05,10000,201661,20771,-2874,-8033
2026-07-31 09:42:05,10000,201743,21422,-2872,-8029
2026-07-31 09:42:05,10000,201824,22059,-2870,-8027
2026-07-31 09:42:05,10000,201906,22703,-2868,-8026
2026-07-31 09:42:05,10000,201988,23353,-2866,-8025
2026-07-31 09:42:06,10000,202067,23974,-2864,-8024
2026-07-31 09:42:06,10000,202147,24609,-2862,-8023
2026-07-31 09:42:06,10000,202227,25237,-2860,-8022
2026-07-31 09:42:06,10000,202306,25860,-2858,-8022
2026-07-31 09:42:06,10000,202387,26495,-2856,-8021
2026-07-31 09:42:06,10000,202467,27123,-2854,-8020
2026-07-31 09:42:06,10000,202547,27760,-2852,-8020
2026-07-31 09:42:06,10000,202629,28398,-2850,-8019
2026-07-31 09:42:06,10000,202710,29037,-2848,-8019
2026-07-31 09:42:06,10000,202791,29675,-2846,-8019
2026-07-31 09:42:07,10000,202872,30314,-2845,-8018
2026-07-31 09:42:07,10000,202954,30956,-2843,-8018
2026-07-31 09:42:07,10000,203036,31601,-2841,-8017
2026-07-31 09:42:07,10000,203117,32235,-2839,-8017
2026-07-31 09:42:07,10000,203198,32875,-2838,-8016
2026-07-31 09:42:07,10000,203280,33521,-2836,-8016
2026-07-31 09:42:07,10000,203365,34186,-2834,-8016
2026-07-31 09:42:07,10000,203443,34799,-2832,-8015
2026-07-31 09:42:07,10000,203525,35440,-2831,-8015
2026-07-31 09:42:08,10000,203608,36093,-2829,-8015
2026-07-31 09:42:08,10000,203690,36739,-2827,-8015
2026-07-31 09:42:08,10000,203773,37386,-2826,-8015
2026-07-31 09:42:08,10000,203855,38032,-2824,-8014
2026-07-31 09:42:08,10000,203937,38672,-2823,-8014
2026-07-31 09:42:08,10000,204019,39317,-2821,-8014
2026-07-31 09:42:08,10000,204101,39962,-2820,-8013
2026-07-31 09:42:08,10000,204183,40607,-2818,-8013
2026-07-31 09:42:08,10000,204266,41253,-2817,-8013
2026-07-31 09:42:08,10000,204348,41898,-2815,-8013
2026-07-31 09:42:09,10000,204432,42558,-2814,-8013
2026-07-31 09:42:09,10000,204515,43204,-2812,-8012
2026-07-31 09:42:09,10000,204598,43858,-2811,-8012
2026-07-31 09:42:09,10000,204683,44519,-2809,-8012
2026-07-31 09:42:09,10000,204765,45167,-2808,-8012
2026-07-31 09:42:09,10000,204849,45822,-2807,-8012
2026-07-31 09:42:09,10000,204934,46489,-2805,-8011
2026-07-31 09:42:09,10000,205020,47156,-2804,-8011
2026-07-31 09:42:09,10000,205105,47824,-2803,-8011
2026-07-31 09:42:09,10000,205190,48492,-2801,-8011
2026-07-31 09:42:10,10000,205277,49173,-2800,-8011
2026-07-31 09:42:10,10000,205361,49827,-2799,-8010
2026-07-31 09:42:10,10000,205447,50502,-2797,-8010
2026-07-31 09:42:10,10000,205534,51181,-2796,-8010
2026-07-31 09:42:10,10000,205619,51847,-2795,-8010
2026-07-31 09:42:10,10000,205705,52519,-2794,-8010
2026-07-31 09:42:10,10000,205791,53192,-2793,-8009
2026-07-31 09:42:10,10000,205878,53878,-2791,-8009
2026-07-31 09:42:10,10000,205964,54550,-2790,-8009
2026-07-31 09:42:10,10000,206051,55228,-2789,-8009
2026-07-31 09:42:11,10000,206139,55913,-2788,-8009
2026-07-31 09:42:11,10000,206225,56592,-2787,-8009
2026-07-31 09:42:11,10000,206311,57263,-2786,-8009
2026-07-31 09:42:11,10000,206397,57930,-2785,-8009
2026-07-31 09:42:11,10000,206483,58604,-2784,-8008
2026-07-31 09:42:11,10000,206569,59278,-2783,-8008
2026-07-31 09:42:11,10000,206655,59951,-2782,-8008
2026-07-31 09:42:11,10000,206743,60640,-2781,-8008
2026-07-31 09:42:11,10000,206828,61305,-2780,-8008
2026-07-31 09:42:11,10000,206915,61984,-2779,-8008
2026-07-31 09:42:12,10000,207003,62670,-2778,-8008
2026-07-31 09:42:12,10000,207090,63349,-2777,-8007
2026-07-31 09:42:12,10000,207177,64028,-2776,-8007
2026-07-31 09:42:12,10000,207264,64714,-2775,-8007
2026-07-31 09:42:12,10000,207347,65358,-2774,-8007
2026-07-31 09:42:12,10000,207432,66019,-2773,-8007
2026-07-31 09:42:12,10000,207516,66679,-2773,-8007
2026-07-31 09:42:12,10000,207602,67353,-2772,-8006
2026-07-31 09:42:12,10000,207685,68000,-2771,-8006
2026-07-31 09:42:12,10000,207770,68659,-2770,-8006
2026-07-31 09:42:13,10000,207855,69324,-2769,-8006
2026-07-31 09:42:13,10000,207939,69978,-2769,-8006
2026-07-31 09:42:13,10000,208024,70646,-2768,-8006
2026-07-31 09:42:13,10000,208109,71308,-2767,-8006
2026-07-31 09:42:13,10000,208194,71969,-2766,-8005
2026-07-31 09:42:13,10000,208278,72624,-2766,-8005
2026-07-31 09:42:13,10000,208363,73289,-2765,-8005
2026-07-31 09:42:13,10000,208449,73961,-2764,-8005
2026-07-31 09:42:13,10000,208534,74620,-2763,-8005
2026-07-31 09:42:13,10000,208619,75286,-2763,-8005
2026-07-31 09:42:14,10000,208705,75958,-2762,-8005
2026-07-31 09:42:14,10000,208789,76615,-2762,-8004
2026-07-31 09:42:14,10000,208876,77288,-2761,-8004
2026-07-31 09:42:14,10000,208961,77952,-2760,-8004
2026-07-31 09:42:14,10000,209047,78622,-2760,-8004
2026-07-31 09:42:14,10000,209133,79292,-2759,-8004
2026-07-31 09:42:14,10000,209219,79963,-2759,-8004
2026-07-31 09:42:14,10000,209306,80646,-2758,-8003
2026-07-31 09:42:14,10000,209390,81296,-2758,-8003
2026-07-31 09:42:14,10000,209474,81957,-2757,-8003
2026-07-31 09:42:15,10000,209560,82624,-2757,-8003
2026-07-31 09:42:15,10000,209644,83279,-2756,-8003
2026-07-31 09:42:15,10000,209730,83946,-2756,-8003
2026-07-31 09:42:15,10000,209813,84600,-2755,-8003
2026-07-31 09:42:15,10000,209896,85245,-2755,-8003
2026-07-31 09:42:15,10000,209980,85898,-2755,-8002
2026-07-31 09:42:15,10000,210064,86550,-2754,-8002
2026-07-31 09:42:15,10000,210151,87229,-2754,-8002
2026-07-31 09:42:15,10000,210231,87856,-2753,-8002
2026-07-31 09:42:15,10000,210315,88508,-2753,-8002
2026-07-31 09:42:16,10000,210401,89174,-2753,-8002
2026-07-31 09:42:16,10000,210485,89827,-2752,-8002
2026-07-31 09:42:16,10000,210569,90488,-2752,-8001
2026-07-31 09:42:16,10000,210654,91148,-2752,-8001
2026-07-31 09:42:16,10000,210740,91815,-2751,-8001
2026-07-31 09:42:16,10000,210824,92469,-2751,-8001
2026-07-31 09:42:16,10000,210909,93127,-2751,-8001
2026-07-31 09:42:16,10000,210994,93791,-2751,-8001
2026-07-31 09:42:16,10000,211078,94441,-2750,-8000
2026-07-31 09:42:16,10000,211162,95099,-2750,-8000
2026-07-31 09:42:17,10000,211248,95763,-2750,-8000
2026-07-31 09:42:17,10000,211331,96412,-2750,-8000
2026-07-31 09:42:17,10000,211416,97067,-2750,-8000
2026-07-31 09:42:17,10000,211500,97722,-2750,-8000
2026-07-31 09:42:17,10000,211586,98384,-2749,-7999
2026-07-31 09:42:17,10000,211670,99033,-2749,-7999
2026-07-31 09:42:17,10000,211754,99688,-2749,-7999
2026-07-31 09:42:17,10000,211840,100350,-2749,-7999
2026-07-31 09:42:17,10000,211922,100989,-2749,-7998
2026-07-31 09:42:17,10000,212005,101634,-2749,-7998
2026-07-31 09:42:18,10000,212090,102286,-2749,-7998
2026-07-31 09:42:18,10000,212172,102925,-2749,-7997
2026-07-31 09:42:18,10000,212256,103573,-2749,-7997
2026-07-31 09:42:18,10000,212340,104222,-2749,-7997
2026-07-31 09:42:18,10000,212425,104881,-2749,-7996
2026-07-31 09:42:18,10000,212509,105527,-2749,-7996
2026-07-31 09:42:18,10000,212593,106179,-2750,-7995
2026-07-31 09:42:18,10000,212678,106838,-2750,-7995
2026-07-31 09:42:18,10000,212762,107484,-2750,-7995
2026-07-31 09:42:18,10000,212847,108137,-2750,-7995
2026-07-31 09:42:19,10000,212932,108794,-2750,-7994
2026-07-31 09:42:19,10000,213015,109436,-2750,-7994
2026-07-31 09:42:19,10000,213099,110085,-2751,-7994
2026-07-31 09:42:19,10000,213183,110734,-2751,-7993
2026-07-31 09:42:19,10000,213268,111390,-2751,-7993
2026-07-31 09:42:19,10000,213351,112033,-2751,-7993
2026-07-31 09:42:19,10000,213435,112682,-2751,-7993
2026-07-31 09:42:19,10000,213519,113329,-2752,-7992
2026-07-31 09:42:19,10000,213601,113961,-2752,-7992
2026-07-31 09:42:19,10000,213684,114600,-2752,-7992
2026-07-31 09:42:20,10000,213768,115245,-2753,-7992
2026-07-31 09:42:20,10000,213850,115877,-2753,-7991
2026-07-31 09:42:20,10000,213931,116503,-2753,-7991
2026-07-31 09:42:20,10000,214013,117133,-2754,-7991
2026-07-31 09:42:20,10000,214095,117767,-2754,-7991
2026-07-31 09:42:20,10000,214176,118389,-2754,-7991
2026-07-31 09:42:20,10000,214258,119017,-2755,-7991
2026-07-31 09:42:20,10000,214339,119644,-2755,-7991
2026-07-31 09:42:20,10000,214421,120272,-2755,-7991
2026-07-31 09:42:20,10000,214502,120897,-2756,-7990
2026-07-31 09:42:21,10000,214582,121509,-2756,-7989
2026-07-31 09:42:21,10000,214662,122127,-2757,-7989
2026-07-31 09:42:21,10000,214743,122746,-2757,-7988
2026-07-31 09:42:21,10000,214823,123364,-2757,-7988
2026-07-31 09:42:21,10000,214903,123977,-2758,-7988
2026-07-31 09:42:21,10000,214983,124593,-2758,-7988
2026-07-31 09:42:21,10000,215061,125194,-2759,-7988
2026-07-31 09:42:21,10000,215141,125801,-2759,-7988
2026-07-31 09:42:21,10000,215220,126409,-2760,-7987
2026-07-31 09:42:21,10000,215299,127016,-2760,-7987
2026-07-31 09:42:22,10000,215378,127626,-2761,-7987
2026-07-31 09:42:22,10000,215459,128243,-2762,-7987
2026-07-31 09:42:22,10000,215537,128847,-2762,-7986
2026-07-31 09:42:22,10000,215617,129458,-2763,-7986
2026-07-31 09:42:22,10000,215697,130075,-2763,-7986
2026-07-31 09:42:22,10000,215776,130679,-2764,-7986
2026-07-31 09:42:22,10000,215855,131287,-2765,-7985
2026-07-31 09:42:22,10000,215936,131901,-2765,-7985
2026-07-31 09:42:22,10000,216014,132502,-2766,-7985
2026-07-31 09:42:22,10000,216093,133110,-2767,-7984
2026-07-31 09:42:23,10000,216172,133718,-2767,-7984
2026-07-31 09:42:23,10000,216252,134332,-2768,-7984
2026-07-31 09:42:23,10000,216332,134943,-2769,-7984
2026-07-31 09:42:23,10000,216412,135558,-2769,-7984
2026-07-31 09:42:23,10000,216492,136172,-2770,-7984
2026-07-31 09:42:23,10000,216572,136781,-2771,-7984
2026-07-31 09:42:23,10000,216652,137395,-2771,-7984
2026-07-31 09:42:23,10000,216811,138617,-2773,-7983
2026-07-31 09:42:23,10000,216891,139230,-2774,-7983
2026-07-31 09:42:24,10000,216971,139842,-2774,-7983
2026-07-31 09:42:24,10000,217052,140461,-2775,-7983
2026-07-31 09:42:24,10000,217131,141067,-2776,-7983
2026-07-31 09:42:24,10000,217210,141680,-2777,-7983
2026-07-31 09:42:24,10000,217290,142292,-2777,-7983
2026-07-31 09:42:24,10000,217370,142905,-2778,-7983
2026-07-31 09:42:24,10000,217450,143518,-2779,-7982
2026-07-31 09:42:24,10000,217530,144131,-2780,-7982
2026-07-31 09:42:24,10000,217610,144745,-2781,-7982
2026-07-31 09:42:24,10000,217690,145358,-2781,-7982
2026-07-31 09:42:25,10000,217771,145973,-2782,-7982
2026-07-31 09:42:25,10000,217851,146588,-2783,-7982
2026-07-31 09:42:25,10000,217931,147200,-2784,-7982
2026-07-31 09:42:25,10000,218010,147812,-2785,-7982
2026-07-31 09:42:25,10000,218090,148424,-2786,-7982
2026-07-31 09:42:25,10000,218170,149036,-2787,-7982
2026-07-31 09:42:25,10000,218250,149648,-2788,-7982
2026-07-31 09:42:25,10000,218331,150269,-2789,-7981
2026-07-31 09:42:25,10000,218416,150924,-2790,-7981
2026-07-31 09:42:25,10000,218499,151554,-2791,-7981
2026-07-31 09:42:26,10000,218582,152196,-2792,-7981
2026-07-31 09:42:26,10000,218667,152845,-2793,-7981
2026-07-31 09:42:26,10000,218746,153453,-2794,-7981
2026-07-31 09:42:26,10000,218824,154051,-2795,-7981
2026-07-31 09:42:26,10000,218903,154655,-2796,-7981
2026-07-31 09:42:26,10000,218982,155258,-2797,-7980
2026-07-31 09:42:26,10000,219061,155861,-2798,-7980
2026-07-31 09:42:26,10000,219140,156471,-2799,-7980
2026-07-31 09:42:26,10000,219218,157068,-2800,-7980
2026-07-31 09:42:26,10000,219296,157665,-2801,-7980
2026-07-31 09:42:27,10000,219375,158267,-2803,-7980
2026-07-31 09:42:27,10000,219453,158868,-2804,-7980
2026-07-31 09:42:27,10000,219532,159470,-2805,-7980
2026-07-31 09:42:27,10000,219610,160072,-2806,-7980
2026-07-31 09:42:27,10000,219689,160671,-2807,-7979
2026-07-31 09:42:27,10000,219767,161272,-2808,-7979
2026-07-31 09:42:27,10000,219849,161902,-2809,-7979
2026-07-31 09:42:27,10000,220015,163168,-2812,-7979
2026-07-31 09:42:27,10000,220097,163801,-2813,-7979
2026-07-31 09:42:28,10000,220180,164434,-2814,-7979
2026-07-31 09:42:28,10000,220264,165077,-2815,-7979
2026-07-31 09:42:28,10000,220346,165710,-2817,-7978
2026-07-31 09:42:28,10000,220430,166348,-2818,-7978
2026-07-31 09:42:28,10000,220513,166985,-2819,-7978
2026-07-31 09:42:28,10000,220596,167622,-2821,-7978
2026-07-31 09:42:28,10000,220679,168260,-2822,-7978
2026-07-31 09:42:28,10000,220762,168894,-2823,-7978
2026-07-31 09:42:28,10000,220845,169528,-2824,-7978
2026-07-31 09:42:28,10000,220927,170160,-2826,-7978
2026-07-31 09:42:29,10000,221009,170786,-2827,-7978
2026-07-31 09:42:29,10000,221093,171424,-2828,-7978
2026-07-31 09:42:29,10000,221174,172049,-2830,-7978
2026-07-31 09:42:29,10000,221257,172681,-2831,-7978
2026-07-31 09:42:29,10000,221341,173325,-2832,-7977
2026-07-31 09:42:29,10000,221424,173960,-2834,-7977
2026-07-31 09:42:29,10000,221508,174603,-2835,-7977
2026-07-31 09:42:29,10000,221592,175245,-2837,-7977
2026-07-31 09:42:29,10000,221676,175893,-2838,-7977
2026-07-31 09:42:29,10000,221759,176529,-2839,-7977
2026-07-31 09:42:30,10000,221844,177176,-2841,-7977
2026-07-31 09:42:30,10000,221928,177822,-2842,-7977
2026-07-31 09:42:30,10000,222013,178469,-2844,-7977
2026-07-31 09:42:30,10000,222098,179121,-2845,-7976
2026-07-31 09:42:30,10000,222182,179761,-2846,-7976
2026-07-31 09:42:30,10000,222266,180408,-2848,-7976
2026-07-31 09:42:30,10000,222349,181042,-2849,-7976
2026-07-31 09:42:30,10000,222432,181679,-2851,-7976
2026-07-31 09:42:30,10000,222516,182323,-2852,-7976
2026-07-31 09:42:30,10000,222599,182954,-2854,-7976
2026-07-31 09:42:31,10000,222682,183591,-2855,-7976
2026-07-31 09:42:31,10000,222766,184235,-2857,-7975
2026-07-31 09:42:31,10000,222848,184863,-2858,-7975
2026-07-31 09:42:31,10000,222932,185499,-2860,-7975
2026-07-31 09:42:31,10000,223016,186142,-2861,-7975
2026-07-31 09:42:31,10000,223098,186771,-2863,-7975
2026-07-31 09:42:31,10000,223181,187407,-2864,-7975
2026-07-31 09:42:31,10000,223264,188043,-2866,-7975
2026-07-31 09:42:31,10000,223346,188667,-2867,-7975
2026-07-31 09:42:31,10000,223427,189286,-2869,-7975
2026-07-31 09:42:32,10000,223508,189905,-2870,-7975
2026-07-31 09:42:32,10000,223589,190530,-2872,-7974
2026-07-31 09:42:32,10000,223669,191142,-2873,-7974
2026-07-31 09:42:32,10000,223753,191784,-2875,-7974
2026-07-31 09:42:32,10000,223828,192357,-2876,-7974
2026-07-31 09:42:32,10000,223908,192967,-2877,-7974
2026-07-31 09:42:32,10000,223988,193577,-2879,-7974
2026-07-31 09:42:32,10000,224067,194187,-2880,-7973
2026-07-31 09:42:32,10000,224148,194802,-2882,-7973
2026-07-31 09:42:32,10000,224226,195402,-2883,-7973
2026-07-31 09:42:33,10000,224306,196014,-2885,-7973
2026-07-31 09:42:33,10000,224387,196632,-2887,-7973
2026-07-31 09:42:33,10000,224466,197237,-2888,-7973
2026-07-31 09:42:33,10000,224546,197849,-2890,-7973
2026-07-31 09:42:33,10000,224626,198460,-2891,-7973
2026-07-31 09:42:33,10000,224706,199072,-2893,-7973
2026-07-31 09:42:33,10000,224785,199672,-2894,-7973
2026-07-31 09:42:33,10000,224864,200277,-2896,-7973
2026-07-31 09:42:33,10000,224944,200889,-2897,-7973
2026-07-31 09:42:33,10000,225022,201488,-2899,-7973
2026-07-31 09:42:34,10000,225103,202110,-2901,-7973
2026-07-31 09:42:34,10000,225186,202738,-2902,-7972
2026-07-31 09:42:34,10000,225266,203355,-2904,-7972
2026-07-31 09:42:34,10000,225348,203979,-2906,-7972
2026-07-31 09:42:34,10000,225430,204608,-2907,-7972
2026-07-31 09:42:34,10000,225511,205226,-2909,-7972
2026-07-31 09:42:34,10000,225593,205849,-2910,-7972
2026-07-31 09:42:34,10000,225675,206481,-2912,-7972
2026-07-31 09:42:34,10000,225760,207128,-2914,-7972
2026-07-31 09:42:34,10000,225843,207762,-2915,-7971
2026-07-31 09:42:35,10000,225927,208402,-2917,-7971
2026-07-31 09:42:35,10000,226011,209049,-2919,-7971
2026-07-31 09:42:35,10000,226099,209721,-2921,-7971
2026-07-31 09:42:35,10000,226189,210408,-2923,-7971
2026-07-31 09:42:35,10000,226279,211095,-2924,-7971
2026-07-31 09:42:35,10000,226369,211781,-2926,-7971
2026-07-31 09:42:35,10000,226458,212467,-2928,-7971
2026-07-31 09:42:35,10000,226544,213119,-2930,-7971
2026-07-31 09:42:35,10000,226629,213770,-2932,-7971
2026-07-31 09:42:35,10000,226714,214424,-2933,-7970
2026-07-31 09:42:36,10000,226800,215078,-2935,-7970
2026-07-31 09:42:36,10000,226886,215739,-2937,-7970
2026-07-31 09:42:36,10000,226971,216386,-2939,-7970
2026-07-31 09:42:36,10000,227057,217039,-2941,-7970
2026-07-31 09:42:36,10000,227141,217687,-2943,-7970
2026-07-31 09:42:36,10000,227227,218339,-2944,-7970
2026-07-31 09:42:36,10000,227312,218990,-2946,-7970
2026-07-31 09:42:36,10000,227397,219642,-2948,-7970
2026-07-31 09:42:36,10000,227483,220300,-2950,-7970
2026-07-31 09:42:36,10000,227568,220945,-2952,-7970
2026-07-31 09:42:37,10000,227652,221591,-2953,-7969
2026-07-31 09:42:37,10000,227737,222237,-2955,-7969
2026-07-31 09:42:37,10000,227822,222884,-2957,-7969
2026-07-31 09:42:37,10000,227906,223530,-2959,-7969
2026-07-31 09:42:37,10000,227992,224183,-2961,-7969
2026-07-31 09:42:37,10000,228076,224826,-2963,-7969
2026-07-31 09:42:37,10000,228161,225474,-2965,-7969
2026-07-31 09:42:37,10000,228246,226122,-2966,-7968
2026-07-31 09:42:37,10000,228331,226776,-2968,-7968
2026-07-31 09:42:37,10000,228415,227418,-2970,-7968
2026-07-31 09:42:38,10000,228500,228066,-2972,-7968
2026-07-31 09:42:38,10000,228586,228717,-2974,-7968
2026-07-31 09:42:38,10000,228671,229368,-2976,-7968
2026-07-31 09:42:38,10000,228756,230019,-2978,-7968
2026-07-31 09:42:38,10000,228841,230671,-2980,-7968
2026-07-31 09:42:38,10000,228928,231328,-2982,-7968
2026-07-31 09:42:38,10000,229014,231988,-2983,-7967
2026-07-31 09:42:38,10000,229100,232646,-2985,-7967
2026-07-31 09:42:38,10000,229187,233311,-2987,-7967
2026-07-31 09:42:38,10000,229274,233970,-2989,-7967
2026-07-31 09:42:39,10000,229359,234622,-2991,-7967
2026-07-31 09:42:39,10000,229445,235276,-2993,-7967
2026-07-31 09:42:39,10000,229532,235939,-2995,-7967
2026-07-31 09:42:39,10000,229617,236589,-2997,-7967
2026-07-31 09:42:39,10000,229703,237245,-2999,-7967
2026-07-31 09:42:39,10000,229789,237901,-3001,-7966
2026-07-31 09:42:39,10000,229876,238565,-3003,-7966
2026-07-31 09:42:39,10000,229964,239235,-3005,-7966
2026-07-31 09:42:39,10000,230056,239942,-3007,-7966
2026-07-31 09:42:39,10000,230139,240574,-3009,-7966
2026-07-31 09:42:40,10000,230225,241234,-3011,-7966
2026-07-31 09:42:40,10000,230313,241900,-3013,-7966
2026-07-31 09:42:40,10000,230401,242571,-3015,-7966
2026-07-31 09:42:40,10000,230488,243241,-3017,-7966
2026-07-31 09:42:40,10000,230576,243911,-3019,-7966
2026-07-31 09:42:40,10000,230664,244581,-3021,-7965
2026-07-31 09:42:40,10000,230752,245251,-3023,-7965
2026-07-31 09:42:40,10000,230840,245921,-3025,-7965
2026-07-31 09:42:40,10000,230928,246596,-3027,-7965
2026-07-31 09:42:40,10000,231018,247279,-3029,-7965
2026-07-31 09:42:41,10000,231104,247937,-3031,-7965
2026-07-31 09:42:41,10000,231192,248607,-3033,-7965
2026-07-31 09:42:41,10000,231280,249277,-3035,-7965
2026-07-31 09:42:41,10000,231368,249948,-3037,-7964
2026-07-31 09:42:41,10000,231455,250612,-3039,-7964
2026-07-31 09:42:41,10000,231542,251275,-3041,-7964
2026-07-31 09:42:41,10000,231628,251937,-3043,-7964
2026-07-31 09:42:41,10000,231715,252599,-3045,-7964
2026-07-31 09:42:41,10000,231802,253262,-3047,-7964
2026-07-31 09:42:41,10000,231889,253924,-3049,-7964
2026-07-31 09:42:42,10000,231976,254591,-3051,-7964
2026-07-31 09:42:42,10000,232064,255258,-3053,-7964
2026-07-31 09:42:42,10000,232153,255939,-3055,-7964
2026-07-31 09:42:42,10000,232239,256593,-3057,-7963
2026-07-31 09:42:42,10000,232327,257261,-3060,-7963
2026-07-31 09:42:42,10000,232414,257926,-3062,-7963
2026-07-31 09:42:42,10000,232502,258598,-3064,-7963
2026-07-31 09:42:42,10000,232589,259257,-3066,-7963
2026-07-31 09:42:42,10000,232676,259923,-3068,-7963
2026-07-31 09:42:42,10000,232763,260589,-3070,-7963
2026-07-31 09:42:43,10000,232849,261238,-3072,-7963
2026-07-31 09:42:43,10000,232933,261883,-3074,-7962
2026-07-31 09:42:43,10000,233019,262534,-3076,-7962
2026-07-31 09:42:43,10000,233102,263172,-3078,-7962
2026-07-31 09:42:43,10000,233271,264462,-3082,-7962
2026-07-31 09:42:43,10000,233357,265111,-3084,-7962
2026-07-31 09:42:43,10000,233440,265744,-3086,-7962
2026-07-31 09:42:43,10000,233524,266384,-3088,-7962
2026-07-31 09:42:43,10000,233608,267024,-3090,-7961
2026-07-31 09:42:44,10000,233692,267664,-3092,-7961
2026-07-31 09:42:44,10000,233775,268296,-3094,-7961
2026-07-31 09:42:44,10000,233859,268937,-3096,-7961
2026-07-31 09:42:44,10000,233942,269569,-3098,-7961
2026-07-31 09:42:44,10000,234026,270208,-3100,-7961
2026-07-31 09:42:44,10000,234109,270847,-3102,-7961
2026-07-31 09:42:44,10000,234195,271499,-3104,-7961
2026-07-31 09:42:44,10000,234277,272125,-3106,-7961
2026-07-31 09:42:44,10000,234359,272753,-3108,-7960
2026-07-31 09:42:44,10000,234442,273384,-3110,-7960
2026-07-31 09:42:45,10000,234523,274002,-3112,-7960
2026-07-31 09:42:45,10000,234605,274626,-3114,-7960
2026-07-31 09:42:45,10000,234687,275251,-3116,-7960
2026-07-31 09:42:45,10000,234768,275869,-3118,-7960
2026-07-31 09:42:45,10000,234850,276487,-3120,-7960
2026-07-31 09:42:45,10000,234931,277104,-3122,-7960
2026-07-31 09:42:45,10000,235012,277728,-3124,-7960
2026-07-31 09:42:45,10000,235093,278339,-3126,-7960
2026-07-31 09:42:45,10000,235174,278957,-3128,-7960
2026-07-31 09:42:45,10000,235256,279580,-3130,-7960
2026-07-31 09:42:46,10000,235337,280203,-3131,-7960
2026-07-31 09:42:46,10000,235419,280825,-3133,-7959
2026-07-31 09:42:46,10000,235504,281473,-3136,-7959
2026-07-31 09:42:46,10000,235583,282071,-3137,-7959
2026-07-31 09:42:46,10000,235664,282694,-3139,-7959
2026-07-31 09:42:46,10000,235748,283328,-3141,-7959
2026-07-31 09:42:46,10000,235832,283971,-3143,-7959
2026-07-31 09:42:46,10000,235915,284601,-3145,-7959
2026-07-31 09:42:46,10000,235998,285237,-3148,-7959
2026-07-31 09:42:46,10000,236083,285880,-3150,-7958
2026-07-31 09:42:47,10000,236167,286525,-3152,-7958
2026-07-31 09:42:47,10000,236253,287174,-3154,-7958
2026-07-31 09:42:47,10000,236339,287829,-3156,-7958
2026-07-31 09:42:47,10000,236423,288472,-3158,-7958
2026-07-31 09:42:47,10000,236508,289121,-3160,-7958
2026-07-31 09:42:47,10000,236594,289770,-3162,-7958
2026-07-31 09:42:47,10000,236679,290419,-3164,-7958
2026-07-31 09:42:47,10000,236765,291072,-3166,-7957
2026-07-31 09:42:47,10000,236851,291725,-3169,-7957
2026-07-31 09:42:47,10000,236936,292377,-3171,-7957
2026-07-31 09:42:48,10000,237022,293029,-3173,-7957
2026-07-31 09:42:48,10000,237108,293681,-3175,-7957
2026-07-31 09:42:48,10000,237194,294339,-3177,-7957
2026-07-31 09:42:48,10000,237279,294984,-3179,-7957
2026-07-31 09:42:48,10000,237364,295635,-3181,-7957
2026-07-31 09:42:48,10000,237450,296286,-3184,-7957
2026-07-31 09:42:48,10000,237536,296944,-3186,-7956
2026-07-31 09:42:48,10000,237617,297560,-3188,-7956
2026-07-31 09:42:48,10000,237700,298187,-3190,-7956
2026-07-31 09:42:48,10000,237782,298814,-3192,-7956
2026-07-31 09:42:49,10000,237865,299441,-3194,-7956
2026-07-31 09:42:49,10000,237947,300068,-3196,-7956
2026-07-31 09:42:49,10000,238030,300701,-3198,-7956
2026-07-31 09:42:49,10000,238113,301327,-3200,-7955
2026-07-31 09:42:49,10000,238196,301959,-3202,-7955
2026-07-31 09:42:49,10000,238279,302592,-3204,-7955
2026-07-31 09:42:49,10000,238362,303224,-3207,-7955
2026-07-31 09:42:49,10000,238445,303856,-3209,-7955
2026-07-31 09:42:49,10000,238528,304488,-3211,-7955
2026-07-31 09:42:49,10000,238610,305106,-3213,-7955
2026-07-31 09:42:50,10000,238691,305723,-3215,-7955
2026-07-31 09:42:50,10000,238772,306341,-3217,-7955
2026-07-31 09:42:50,10000,238860,307008,-3219,-7954
2026-07-31 09:42:50,10000,238934,307572,-3221,-7954
2026-07-31 09:42:50,10000,239094,308793,-3225,-7954
2026-07-31 09:42:50,10000,239175,309402,-3228,-7954
2026-07-31 09:42:50,10000,239255,310011,-3230,-7954
2026-07-31 09:42:50,10000,239335,310620,-3232,-7954
2026-07-31 09:42:50,10000,239416,311235,-3234,-7954
2026-07-31 09:42:51,10000,239495,311837,-3236,-7954
2026-07-31 09:42:51,10000,239576,312452,-3238,-7954
2026-07-31 09:42:51,10000,239656,313067,-3240,-7953
2026-07-31 09:42:51,10000,239737,313682,-3242,-7953
2026-07-31 09:42:51,10000,239818,314297,-3244,-7953
2026-07-31 09:42:51,10000,239899,314912,-3247,-7953
2026-07-31 09:42:51,10000,239979,315521,-3249,-7953
2026-07-31 09:42:51,10000,240059,316131,-3251,-7953
2026-07-31 09:42:51,10000,240140,316741,-3253,-7953
2026-07-31 09:42:51,10000,240220,317351,-3255,-7953
2026-07-31 09:42:52,10000,240300,317960,-3257,-7953
2026-07-31 09:42:52,10000,240381,318572,-3259,-7953
2026-07-31 09:42:52,10000,240461,319183,-3261,-7953
2026-07-31 09:42:52,10000,240541,319795,-3264,-7952
2026-07-31 09:42:52,10000,240622,320406,-3266,-7952
2026-07-31 09:42:52,10000,240702,321018,-3268,-7952
2026-07-31 09:42:52,10000,240784,321641,-3270,-7952
2026-07-31 09:42:52,10000,240865,322256,-3272,-7952
2026-07-31 09:42:52,10000,240947,322877,-3275,-7952
2026-07-31 09:42:52,10000,241029,323498,-3277,-7952
2026-07-31 09:42:53,10000,241111,324125,-3279,-7952
2026-07-31 09:42:53,10000,241192,324740,-3281,-7952
2026-07-31 09:42:53,10000,241274,325360,-3284,-7951
2026-07-31 09:42:53,10000,241356,325984,-3286,-7951
2026-07-31 09:42:53,10000,241438,326608,-3288,-7951
2026-07-31 09:42:53,10000,241520,327233,-3290,-7951
2026-07-31 09:42:53,10000,241603,327863,-3293,-7951
2026-07-31 09:42:53,10000,241766,329103,-3297,-7951
2026-07-31 09:42:53,10000,241848,329726,-3299,-7951
2026-07-31 09:42:53,10000,241930,330347,-3302,-7951
2026-07-31 09:42:54,10000,242011,330968,-3304,-7951
2026-07-31 09:42:54,10000,242093,331589,-3306,-7951
2026-07-31 09:42:54,10000,242093,331589,-3306,-7951
2026-07-31 09:42:54,10000,242258,332841,-3311,-7950
2026-07-31 09:42:54,10000,242341,333474,-3313,-7950
2026-07-31 09:42:54,10000,242422,334088,-3315,-7950
2026-07-31 09:42:54,10000,242503,334702,-3318,-7950
2026-07-31 09:42:54,10000,242584,335316,-3320,-7950
2026-07-31 09:42:54,10000,242665,335930,-3322,-7950
2026-07-31 09:42:54,10000,242748,336563,-3325,-7950
2026-07-31 09:42:55,10000,242830,337185,-3327,-7950
2026-07-31 09:42:55,10000,242911,337805,-3329,-7949
2026-07-31 09:42:55,10000,242993,338425,-3331,-7949
2026-07-31 09:42:55,10000,243075,339045,-3334,-7949
2026-07-31 09:42:55,10000,243156,339665,-3336,-7949
2026-07-31 09:42:55,10000,243238,340285,-3338,-7949
2026-07-31 09:42:55,10000,243323,340929,-3341,-7949
2026-07-31 09:42:55,10000,243406,341565,-3343,-7949
2026-07-31 09:42:55,10000,243490,342200,-3345,-7949
2026-07-31 09:42:55,10000,243574,342836,-3348,-7949
2026-07-31 09:42:56,10000,243656,343458,-3350,-7949
2026-07-31 09:42:56,10000,243738,344080,-3352,-7949
2026-07-31 09:42:56,10000,243823,344725,-3355,-7948
2026-07-31 09:42:56,10000,243908,345370,-3357,-7948
2026-07-31 09:42:56,10000,243992,346015,-3360,-7948
2026-07-31 09:42:56,10000,244077,346659,-3362,-7948
2026-07-31 09:42:56,10000,244162,347304,-3365,-7948
2026-07-31 09:42:56,10000,244248,347953,-3367,-7948
2026-07-31 09:42:56,10000,244332,348590,-3369,-7948
2026-07-31 09:42:56,10000,244415,349225,-3372,-7947
2026-07-31 09:42:57,10000,244499,349860,-3374,-7947
2026-07-31 09:42:57,10000,244582,350495,-3377,-7947
2026-07-31 09:42:57,10000,244667,351136,-3379,-7947
2026-07-31 09:42:57,10000,244751,351775,-3381,-7947
2026-07-31 09:42:57,10000,244836,352423,-3384,-7947
2026-07-31 09:42:57,10000,244922,353078,-3386,-7947
2026-07-31 09:42:57,10000,245008,353726,-3389,-7947
2026-07-31 09:42:57,10000,245092,354368,-3391,-7947
2026-07-31 09:42:57,10000,245178,355016,-3394,-7947
2026-07-31 09:42:57,10000,245262,355655,-3396,-7947
2026-07-31 09:42:58,10000,245345,356282,-3398,-7947
2026-07-31 09:42:58,10000,245427,356907,-3401,-7947
2026-07-31 09:42:58,10000,245510,357537,-3403,-7946
2026-07-31 09:42:58,10000,245593,358167,-3405,-7946
2026-07-31 09:42:58,10000,245676,358797,-3408,-7946
2026-07-31 09:42:58,10000,245759,359427,-3410,-7946
2026-07-31 09:42:58,10000,245841,360048,-3412,-7946
2026-07-31 09:42:58,10000,245922,360666,-3414,-7946
2026-07-31 09:42:58,10000,246003,361283,-3417,-7946
2026-07-31 09:42:58,10000,246084,361900,-3419,-7946
2026-07-31 09:42:59,10000,246166,362516,-3421,-7945
2026-07-31 09:42:59,10000,246247,363133,-3423,-7945
2026-07-31 09:42:59,10000,246329,363754,-3426,-7945
2026-07-31 09:42:59,10000,246411,364376,-3428,-7945
2026-07-31 09:42:59,10000,246493,364997,-3430,-7945
2026-07-31 09:42:59,10000,246574,365618,-3432,-7945
2026-07-31 09:42:59,10000,246656,366240,-3435,-7945
2026-07-31 09:42:59,10000,246738,366861,-3437,-7945
2026-07-31 09:42:59,10000,246821,367487,-3439,-7945
2026-07-31 09:42:59,10000,246903,368111,-3442,-7945
2026-07-31 09:43:00,10000,246985,368734,-3444,-7944
2026-07-31 09:43:00,10000,247067,369358,-3446,-7945
2026-07-31 09:43:00,10000,247149,369981,-3449,-7944
2026-07-31 09:43:00,10000,247232,370605,-3451,-7944
2026-07-31 09:43:00,10000,247314,371227,-3453,-7944
